name,TE,WR,RB,QB,teamplace20,teamplace19,team21,pos21,gp_21,points21,owned22,projected22,actual21,passyd_21,passtds21,int21,runyds21,runtds21,run1st21,rec21,recyds21,rectds21,pass1st21,returnyds21,returntds21,twopoint21,fumble21,pick21,salary21,gp20,points20,owners21,project21,actual20,passyds20,passtd20,passint20,rushyds20,rushtd20,rush1st20,recepts20,recyds20,rectd20,rec1st20,returnyds20,returntd20,pt20,fumble20,pick20,salary20,gp19,points19,owners20,project20,actual19,passyds19,passtd19,passint19,rushyds19,rushtd19,rush1st19,recepts19,recyds19,rectd19,rec1st19,returnyds19,returntd19,pt19,fumble19,pick19,salary19
Darrel Williams,0,0,1,0,,,Ari,RB,17,243.92999,17%,177,79,0,0,0,558,6,40,47,452,2,19,0,0,0,0,,,16,68.629997,12,166,327,0,0,0,169,1,14,18,116,0,6,0,0,1,0,,,12,77.230003,2,-,305,0,0,0,141,3,12,15,167,1,7,0,0,0,1,,
DeAndre Hopkins,0,1,0,0,,,Ari,WR,10,176.13,83%,116,148,0,0,0,0,0,0,42,572,8,32,0,0,0,0,29,47,16,327.89999,100,21,18,0,0,0,1,0,0,115,1407,6,75,0,0,0,2,24,36,15,313.70999,100,-,16,6,1,1,18,0,2,104,1165,7,68,0,0,1,0,22,56
A.J. Green,0,1,0,0,,,Ari,WR,16,171.53,7%,255,158,0,0,0,0,0,0,54,848,3,37,0,0,0,0,,,16,131.87,17,248,200,0,0,0,0,0,0,47,523,2,34,0,0,0,0,67,13,,,,,,,,,,,,,,,,,,,,74,13
Colt McCoy,0,0,0,1,,,Ari,QB,8,47.299999,0%,2642,372,740,3,1,37,0,6,0,0,0,0,0,0,0,1,,,,,,,,,,,,,,,,,,,,,,,,,,,,,,,,,,,,,,,,,,,,
Rondale Moore,0,1,0,0,,,Ari,WR,14,162.8,31%,157,172,0,0,0,76,0,2,54,435,1,18,462,0,0,1,147,1,,,,,,,,,,,,,,,,,,,,,,,,,,,,,,,,,,,,,,,,,,
Antoine Wesley,0,1,0,0,,,Ari,WR,15,65.870003,0%,1852,334,0,0,0,0,0,0,19,208,3,9,0,0,0,0,,,,,,,,,,,,,,,,,,,,,,,,,,,,,,,,,,,,,,,,,,,,
Zach Ertz,1,0,0,0,,,Ari,TE,17,205.27,93%,94,113,0,0,0,4,0,0,74,763,5,40,0,0,0,0,190,1,11,84.330002,29,202,295,0,0,0,0,0,0,36,335,1,16,0,0,1,0,74,20,15,247.07001,100,-,64,0,0,0,0,0,0,88,916,6,50,0,0,1,1,31,31
Kyler Murray,0,0,0,1,,,Ari,QB,14,325.25,99%,71,23,3787,24,10,423,5,25,0,7,0,0,0,0,0,0,54,40,16,408.73999,100,56,4,3971,26,12,819,11,52,0,0,0,0,0,0,0,4,36,38,16,304.28,99,-,21,3722,20,12,544,4,27,0,0,0,0,0,0,3,2,36,32
Marquise Brown,0,1,0,0,,,Ari,WR,16,246.7,92%,64,74,0,0,0,5,0,1,91,1008,6,41,0,0,0,1,195,1,16,211.37,70,105,90,0,0,0,1,0,0,58,769,8,35,30,0,0,0,98,10,14,164.92999,93,-,150,0,0,0,0,0,0,46,584,7,24,0,0,0,0,154,2
Eno Benjamin,0,0,1,0,,,Ari,RB,9,50.799999,3%,184,366,0,0,0,118,1,4,6,42,0,4,162,0,0,0,,,,,,,,,,,,,,,,,,,,,,,,,,,,,,,,,,,,,,,,,,,,
Stephen Anderson,0,0,0,0,,,Ari,TE,17,44,0%,2053,384,0,0,0,0,0,0,16,165,1,9,0,0,0,0,,,,,,,,,,,,,,,,,,,,,,,,,,,,,,,,,,,,,,,,,,,,
James Conner,0,0,1,0,,,Ari,RB,15,322.20001,98%,33,26,0,0,0,752,15,53,37,375,3,18,0,0,0,0,19,7,13,197.42999,82,100,103,0,0,0,721,6,42,35,215,0,10,0,0,0,0,46,20,10,175.13,98,-,138,0,0,0,464,4,26,34,251,3,14,0,0,0,1,57,49
Maxx Williams,1,0,0,0,,,Ari,TE,5,45.869999,0%,328,379,0,0,0,0,0,0,16,193,1,9,0,0,0,0,,,,,,,,,,,,,,,,,,,,,,,,16,47.470001,0,-,364,0,0,0,0,0,0,15,202,1,11,0,0,0,0,,
Cordarrelle Patterson,0,0,1,0,,,Atl,RB,16,324.73001,88%,88,24,0,0,0,618,6,29,52,548,5,26,434,0,0,0,,,16,181.7,3,2269,120,0,0,0,232,1,12,21,132,0,7,1017,1,0,0,159,1,16,120.33,1,-,216,0,0,0,103,0,4,11,83,0,3,825,1,0,0,,
Olamide Zaccheaus,0,1,0,0,,,Atl,WR,17,112.97,0%,1884,252,0,0,0,2,0,1,31,406,3,22,77,0,0,0,,,11,62.27,1,1959,346,0,0,0,0,0,0,20,274,1,16,0,0,0,0,,,,,,,,,,,,,,,,,,,,,,,
Damien Williams,0,0,1,0,,,Atl,RB,12,73.269997,1%,2059,320,0,0,0,164,2,11,16,103,1,3,0,0,0,0,,,,,,,,,,,,,,,,,,,,,,,,11,160,28,-,156,0,0,0,498,5,22,30,213,2,10,0,0,0,1,75,34
Kyle Pitts,1,0,0,0,,,Atl,TE,17,187.39999,100%,40,129,0,0,0,0,0,0,68,1026,1,43,0,0,0,0,58,21,,,,,,,,,,,,,,,,,,,,,,,,,,,,,,,,,,,,,,,,,,
Bryan Edwards,0,1,0,0,,,Atl,WR,16,122.07,2%,274,236,0,0,0,0,0,0,34,571,3,26,0,0,0,0,,,,,,,,,,,,,,,,,,,,,,,,,,,,,,,,,,,,,,,,,,,,
Damiere Byrd,0,1,0,0,,,Atl,WR,17,73.93,0%,1875,315,0,0,0,0,0,0,26,329,1,18,0,0,1,1,,,16,126.77,1,1781,214,0,0,0,15,0,1,47,604,1,29,0,0,0,0,,,11,83.830002,0,-,293,0,0,0,0,0,0,32,359,1,16,59,0,0,1,,
Calvin Ridley,0,1,0,0,,,Atl,WR,5,81.730003,2%,322,298,0,0,0,0,0,0,31,281,2,16,0,0,0,0,64,37,15,319.70001,100,14,22,0,0,0,1,0,1,90,1374,9,65,0,0,1,1,70,20,13,231.13,97,-,81,0,0,0,34,0,2,63,866,7,47,0,0,1,0,104,15
Anthony Firkser,1,0,0,0,,,Atl,TE,15,86.400002,0%,1849,292,0,0,0,0,0,0,34,291,2,15,0,0,0,1,,,16,98.800003,34,142,270,0,0,0,0,0,0,39,387,1,26,0,0,0,0,,,15,44.599998,0,-,375,0,0,0,0,0,0,14,204,1,9,0,0,0,0,,
Devin Duvernay,0,1,0,0,,,Bal,WR,16,196.73,7%,2047,120,0,0,0,50,0,3,33,272,2,14,1036,0,0,0,,,16,117.8,1,2286,228,0,0,0,70,0,3,20,201,0,8,624,1,0,0,,,,,,,,,,,,,,,,,,,,,,,
Mike Davis,0,0,1,0,,,Bal,RB,17,164.57001,3%,212,168,0,0,0,503,3,21,44,259,1,12,0,0,0,3,122,13,15,241.07001,92,60,60,0,0,0,642,6,38,59,373,2,17,0,0,0,1,,,,,,,,,,,,,,,,,,,,,,184,1
Lamar Jackson,0,0,0,1,,,Bal,QB,12,287.98001,100%,48,43,2882,16,13,767,2,48,0,0,0,0,0,0,2,3,41,49,15,374.78,99,46,12,2757,26,9,1005,7,56,0,0,0,0,0,0,1,4,22,59,15,472.67999,100,-,2,3127,36,6,1206,7,71,0,0,0,0,0,0,0,2,59,27
Tyler Huntley,0,0,0,1,,,Bal,QB,7,104.64,1%,2068,261,1081,3,4,294,2,22,0,0,0,0,0,0,0,3,,,,,,,,,,,,,,,,,,,,,,,,,,,,,,,,,,,,,,,,,,,,
Devonta Freeman,0,0,1,0,,,Bal,RB,16,182.27,0%,331,139,0,0,0,576,5,31,34,190,1,9,0,0,0,0,,,,,,,,,,,,,,,,,,,,,,,,14,235.92999,30,-,76,0,0,0,656,2,31,59,410,4,17,0,0,0,2,102,30
Mark Andrews,1,0,0,0,,,Bal,TE,17,348.73001,100%,24,15,0,0,0,0,0,0,107,1361,9,75,0,0,2,0,62,26,14,197.73,99,61,102,0,0,0,0,0,0,58,701,7,37,0,0,0,0,102,27,15,242.8,100,-,67,0,0,0,0,0,0,64,852,10,44,0,0,0,1,144,2
Latavius Murray,0,0,1,0,,,Bal,RB,14,139.10001,0%,336,215,0,0,0,501,6,36,10,75,0,2,0,0,0,0,98,3,15,168.33,56,115,145,0,0,0,656,4,36,23,176,1,8,0,0,0,0,185,1,16,188.37,66,-,123,0,0,0,637,5,38,34,235,1,9,0,0,0,0,123,11
James Proche II,0,1,0,0,,,Bal,WR,14,41.669998,1%,2306,388,0,0,0,0,0,0,16,202,0,10,22,0,0,0,,,,,,,,,,,,,,,,,,,,,,,,,,,,,,,,,,,,,,,,,,,,
Rashod Bateman,0,1,0,0,,,Bal,WR,12,117.33,90%,67,244,0,0,0,0,0,0,46,515,1,29,0,0,0,0,,,,,,,,,,,,,,,,,,,,,,,,,,,,,,,,,,,,,,,,,,,,
Zack Moss,0,0,1,0,,,Buf,RB,13,134.63,2%,339,225,0,0,0,345,4,22,23,197,1,12,0,0,0,1,167,2,13,127.43,85,98,212,0,0,0,481,4,30,14,95,1,5,0,0,0,0,161,1,,,,,,,,,,,,,,,,,,,,,
Cole Beasley,0,1,0,0,13,,Buf,WR,16,172.2,1%,326,156,0,0,0,0,0,0,82,693,1,34,0,0,1,0,137,1,15,236.27,52,146,63,20,1,0,0,0,0,82,967,4,53,0,0,0,0,,,15,207.87,9,-,106,0,0,0,0,0,0,67,778,6,37,0,0,2,0,,
Stefon Diggs,0,1,0,0,13,,Buf,WR,17,330.67001,100%,10,20,0,0,0,0,0,0,103,1225,10,66,0,0,0,0,38,42,16,366.42999,100,10,14,0,0,0,1,0,0,127,1535,8,73,0,0,0,0,69,11,15,230.42999,96,-,82,0,0,0,61,0,3,63,1130,6,41,0,0,0,3,61,35
Dawson Knox,1,0,0,0,13,,Buf,TE,15,193.53,94%,89,123,0,0,0,4,0,0,49,587,9,31,0,0,1,0,,,12,77.199997,5,227,309,0,0,0,0,0,0,24,288,3,14,0,0,0,2,,,15,86.769997,9,-,285,0,0,0,9,0,1,28,388,2,15,0,0,0,0,,
Isaiah McKenzie,0,1,0,0,13,,Buf,WR,15,138.67,9%,198,216,0,0,0,47,1,4,20,178,1,13,731,0,0,1,,,16,128.78,0,1790,206,12,1,0,9,0,2,30,282,5,17,116,1,0,0,,,15,79.730003,0,-,300,0,0,0,49,0,4,27,254,1,12,69,0,0,0,,
Josh Allen,0,0,0,1,13,,Buf,QB,17,456.57999,100%,32,3,4407,36,15,763,6,54,0,0,0,0,0,0,3,3,16,52,16,420.66,100,41,3,4544,37,10,421,8,38,1,12,1,1,0,0,0,6,77,24,16,312.56,98,-,18,3089,20,9,510,9,42,0,0,0,0,0,0,3,4,129,12
Duke Johnson,0,0,1,0,13,,Buf,RB,5,78.730003,1%,324,304,0,0,0,330,3,18,4,41,0,3,0,0,0,0,,,11,95.099998,1,281,276,0,0,0,235,1,11,28,249,1,8,0,0,0,2,164,2,16,177.33,46,-,136,0,0,0,410,2,17,44,410,3,18,0,0,0,1,146,5
Gabriel Davis,0,1,0,0,13,,Buf,WR,16,148.60001,92%,61,198,0,0,0,0,0,0,35,549,6,29,0,0,0,0,,,16,157.92999,19,235,164,0,0,0,0,0,0,35,599,7,27,0,0,0,0,,,,,,,,,,,,,,,,,,,,,,,
Jamison Crowder,0,1,0,0,13,,Buf,WR,12,121.8,9%,259,238,0,0,0,0,0,0,51,447,2,23,0,0,2,1,181,2,12,194.52,41,153,105,43,1,0,14,0,1,59,699,6,32,8,0,0,0,99,4,16,222.92999,61,-,90,0,0,0,4,0,0,78,833,6,41,0,0,0,0,171,2
Emmanuel Sanders,0,1,0,0,13,,Buf,WR,14,151.83,1%,262,188,0,0,0,31,0,2,42,626,4,31,0,0,0,0,,,14,184.60001,22,225,115,0,0,0,12,0,1,61,726,5,33,0,0,0,0,130,3,17,212.33,72,-,101,35,1,0,0,0,0,66,869,5,41,0,0,1,0,158,6
Tavon Austin,0,1,0,0,13,,Buf,WR,13,58.599998,0%,2411,345,0,0,0,21,0,1,24,213,1,11,3,0,0,1,,,,,,,,,,,,,,,,,,,,,,,,14,59.900002,0,-,341,0,0,0,47,1,2,13,177,1,8,84,0,0,0,,
Devin Singletary,0,0,1,0,13,,Buf,RB,17,247.2,91%,58,73,0,0,0,870,7,44,40,228,1,11,0,0,0,0,171,3,16,178.63,75,110,127,0,0,0,687,2,40,38,269,0,8,0,0,0,1,103,16,12,183.42999,95,-,126,0,0,0,775,2,37,29,194,2,5,0,0,0,1,,
Baker Mayfield,0,0,0,1,,,Car,QB,14,192.53,11%,230,124,3010,17,13,134,1,12,0,11,0,0,0,0,2,3,71,19,16,265.42001,81,128,47,3563,26,8,165,1,18,1,6,0,1,0,0,1,4,125,18,16,238.17999,77,-,71,3827,22,21,141,3,15,0,0,0,0,0,0,1,2,29,36
Sam Darnold,0,0,0,1,,,Car,QB,12,178.28,3%,318,146,2527,9,13,222,5,21,0,0,0,0,0,0,1,4,164,2,12,143.02,28,197,182,2208,9,11,217,2,13,0,0,0,0,0,0,1,2,182,2,13,191.16,30,-,119,3024,19,13,62,2,6,0,0,0,0,0,0,3,3,32,20
Brandon Zylstra,0,1,0,0,,,Car,WR,13,52.669998,0%,2420,360,0,0,0,0,0,0,18,250,1,10,0,0,0,0,,,,,,,,,,,,,,,,,,,,,,,,,,,,,,,,,,,,,,,,,,,,
DJ Moore,0,1,0,0,,,Car,WR,17,273.13,98%,29,52,0,0,0,48,0,4,93,1157,4,60,22,0,1,1,93,11,15,233.73,96,45,66,0,0,0,22,0,1,66,1193,4,53,0,0,0,0,56,21,15,269.42999,99,-,44,0,0,0,40,0,3,87,1175,4,63,41,0,0,1,126,9
Christian McCaffrey,0,0,1,0,,,Car,RB,7,159.07001,100%,4,181,0,0,0,442,1,20,37,343,1,21,0,0,0,0,1,76,3,99.43,100,1,268,0,0,0,225,5,14,17,149,1,8,0,0,0,0,7,100,16,530.70001,100,-,1,0,0,0,1387,15,57,116,1005,4,58,0,0,1,0,6,66
Andre Roberts,0,1,0,0,,,Car,WR,16,117.13,0%,2551,245,0,0,0,19,0,0,1,35,0,1,1109,1,0,2,,,15,128.67,0,2429,207,0,0,0,-3,0,0,4,34,0,2,1247,0,0,2,,,13,94.730003,0,-,268,0,0,0,7,0,0,3,20,0,1,887,0,0,0,,
Chuba Hubbard,0,0,1,0,,,Car,RB,17,179.89999,8%,340,144,0,0,0,612,5,36,25,174,1,8,21,0,0,1,,,,,,,,,,,,,,,,,,,,,,,,,,,,,,,,,,,,,,,,,,,,
Tommy Tremble,1,0,0,0,,,Car,TE,16,62.200001,1%,290,340,0,0,0,11,1,1,20,180,1,10,21,0,1,0,,,,,,,,,,,,,,,,,,,,,,,,,,,,,,,,,,,,,,,,,,,,
Rashard Higgins,0,1,0,0,,,Car,WR,15,66.330002,0%,1887,332,0,0,0,0,0,0,24,275,1,16,0,0,0,0,,,13,134.92999,3,257,195,0,0,0,0,0,0,37,599,4,26,0,0,0,0,,,,,,,,,,,,,,,,,,,,,,,
D'Onta Foreman,0,0,1,0,,,Car,RB,9,117.8,13%,154,243,0,0,0,566,3,22,9,123,0,6,0,0,0,1,,,,,,,,,,,,,,,,,,,,,,,,,,,,,,,,,,,,,,,,,,,,
Robbie Anderson,0,1,0,0,,,Car,WR,17,159.2,11%,181,180,0,0,0,36,0,1,53,519,5,27,0,0,0,0,130,3,,,,,,,,,,,,,,,,,,,,,,,,,,,,,,,,,,,,,,,,,,
James O'Shaughnessy,1,0,0,0,,,Chi,TE,7,52.27,0%,341,361,0,0,0,0,0,0,24,244,0,10,0,0,1,0,,,15,57.470001,0,1795,356,0,0,0,0,0,0,28,262,0,12,0,0,0,0,,,5,47.200001,0,-,366,0,0,0,0,0,0,14,153,2,7,0,0,0,0,,
Jimmy Graham,1,0,0,0,,,Chi,TE,15,61.130001,0%,350,342,0,0,0,0,0,0,14,167,3,10,0,0,1,0,,,16,176.39999,4,309,134,0,0,0,0,0,0,50,456,8,32,0,0,0,0,,,16,114.8,6,-,231,0,0,0,0,0,0,38,447,3,23,0,0,0,0,195,1
Byron Pringle,0,1,0,0,,,Chi,WR,17,211.97,1%,263,106,0,0,0,0,0,0,42,568,5,32,621,0,0,1,,,13,77.07,1,1820,310,0,0,0,0,0,0,13,160,1,9,324,1,0,0,,,16,42.43,0,-,385,0,0,0,0,0,0,12,170,1,7,41,0,0,0,,
Trevor Siemian,0,0,0,1,,,Chi,QB,6,92.160004,0%,349,282,1154,11,3,20,1,2,0,0,0,0,0,0,0,1,,,,,,,,,,,,,,,,,,,,,,,,,,,,,,,,,,,,,,,,,,,,
David Montgomery,0,0,1,0,,,Chi,RB,13,257.97,97%,35,65,0,0,1,849,7,55,42,301,0,18,0,0,0,1,63,26,15,322.20001,98,28,20,0,0,0,1070,8,59,54,438,2,25,0,0,1,1,141,17,16,211.23,95,-,103,0,0,0,889,6,50,25,185,1,7,0,0,0,2,52,23
Justin Fields,0,0,0,1,,,Chi,QB,12,148.8,66%,118,197,1870,7,10,420,2,22,0,0,0,0,0,0,0,5,152,2,,,,,,,,,,,,,,,,,,,,,,,,,,,,,,,,,,,,,,,,,,
Cole Kmet,1,0,0,0,,,Chi,TE,17,129.8,70%,122,233,0,0,0,0,0,0,60,612,0,29,0,0,0,0,196,1,16,69.900002,40,147,323,0,0,0,-3,0,0,28,243,2,12,0,0,0,1,,,,,,,,,,,,,,,,,,,,,,,
Tajae Sharpe,0,1,0,0,,,Chi,WR,15,54.330002,0%,2449,358,0,0,0,0,0,0,25,230,0,14,0,0,0,0,,,,,,,,,,,,,,,,,,,,,,,,15,98.93,0,-,261,0,0,0,0,0,0,25,329,4,20,0,0,0,0,,
Darnell Mooney,0,1,0,0,,,Chi,WR,17,244.53,89%,74,76,0,0,0,32,1,2,81,1055,4,49,10,0,0,0,170,5,16,173.57001,51,143,136,0,0,0,20,0,1,61,631,4,33,5,0,1,0,,,,,,,,,,,,,,,,,,,,,,,
Khalil Herbert,0,0,1,0,,,Chi,RB,17,170.7,26%,141,163,0,0,0,433,2,24,14,96,0,6,650,0,0,0,,,,,,,,,,,,,,,,,,,,,,,,,,,,,,,,,,,,,,,,,,,,
Ryan Griffin,1,0,0,0,,,Chi,TE,14,75.199997,0%,1889,310,0,0,0,0,0,0,27,261,2,14,8,0,0,0,,,,,,,,,,,,,,,,,,,,,,,,13,116.33,1,-,225,0,0,0,0,0,0,34,320,5,19,0,0,1,0,,
Ja'Marr Chase,0,1,0,0,,,Cin,WR,17,340.10001,100%,8,18,0,0,0,21,0,2,81,1455,13,56,0,0,0,1,94,4,,,,,,,,,,,,,,,,,,,,,,,,,,,,,,,,,,,,,,,,,,
Joe Burrow,0,0,0,1,,,Cin,QB,16,328.23999,99%,65,21,4611,34,14,118,2,14,0,0,0,0,0,0,1,2,34,23,10,181.72,90,104,121,2688,13,5,142,3,14,0,0,0,0,0,0,0,4,44,20,,,,,,,,,,,,,,,,,,,,,
Chris Evans,0,0,1,0,,,Cin,RB,14,63.57,3%,235,338,0,0,0,77,0,3,15,151,2,6,58,0,0,0,,,,,,,,,,,,,,,,,,,,,,,,,,,,,,,,,,,,,,,,,,,,
Samaje Perine,0,0,1,0,,,Cin,RB,16,98.669998,3%,180,270,0,0,0,246,1,11,27,196,1,9,0,0,0,0,,,16,78.800003,1,1980,307,0,0,0,301,3,16,11,66,0,4,13,0,0,0,,,,,,,,,,,,,,,,,,,,,,,
Joe Mixon,0,0,1,0,,,Cin,RB,16,354.42999,100%,12,13,0,0,0,1205,13,60,42,314,3,11,0,0,0,1,13,40,6,116,99,15,230,0,0,0,428,3,20,21,138,1,5,0,0,0,1,18,36,16,281.82999,100,-,39,0,0,0,1137,5,56,35,287,3,14,0,0,0,0,58,39
Hayden Hurst,1,0,0,0,,,Cin,TE,13,73.730003,14%,187,318,0,0,0,0,0,0,26,221,3,11,0,0,0,1,,,16,177.07001,22,201,132,0,0,0,0,0,0,56,571,6,35,0,0,0,0,80,8,16,85.269997,90,-,291,0,0,0,0,0,0,30,349,2,16,0,0,0,0,,
Tee Higgins,0,1,0,0,,,Cin,WR,14,247.73,99%,23,72,0,0,0,0,0,0,74,1091,6,53,0,0,1,1,49,14,16,229.33,91,59,72,0,0,0,28,0,1,67,908,6,52,0,0,0,1,,,,,,,,,,,,,,,,,,,,,,,
Tyler Boyd,0,1,0,0,,,Cin,WR,16,204.34,52%,124,114,46,0,0,22,0,1,67,828,5,37,1,0,0,0,61,8,15,217.61,83,93,80,16,0,0,49,0,2,79,841,4,43,0,0,0,0,121,8,16,249.92999,92,-,58,0,0,0,23,0,1,90,1046,5,51,-1,0,0,2,121,18
Jacoby Brissett,0,0,0,1,,,Cle,QB,11,81.32,3%,303,299,1283,5,4,70,1,9,0,0,0,0,0,0,1,3,,,,,,,,,,,,,,,,,,,,,,,,15,229.61,2,-,84,2942,18,6,228,4,20,1,2,0,0,0,0,1,5,,
Nick Chubb,0,0,1,0,,,Cle,RB,14,281.5,100%,17,45,0,0,0,1259,8,61,20,174,1,9,0,0,0,1,11,54,12,239.7,100,8,62,0,0,0,1067,12,55,16,150,0,6,0,0,0,1,16,36,16,304.92999,100,-,19,0,0,0,1494,8,62,36,278,0,13,0,0,0,3,25,46
Donovan Peoples-Jones,0,1,0,0,,,Cle,WR,14,131.3,5%,224,230,0,0,0,0,0,0,34,597,3,26,95,0,0,1,,,12,107.87,2,339,251,0,0,0,0,0,0,14,304,2,10,456,0,1,0,,,,,,,,,,,,,,,,,,,,,,,
David Njoku,1,0,0,0,,,Cle,TE,16,116.77,58%,126,246,0,0,0,1,0,0,36,475,4,17,0,0,0,0,,,13,62.200001,2,1794,347,0,0,0,0,0,0,19,213,2,13,0,0,0,0,,,,,,,,,,,,,,,,,,,,,,111,5
Anthony Schwartz,0,1,0,0,,,Cle,WR,14,73.099998,0%,2476,321,0,0,0,39,0,4,10,135,1,6,322,0,0,0,,,,,,,,,,,,,,,,,,,,,,,,,,,,,,,,,,,,,,,,,,,,
D'Ernest Johnson,0,0,1,0,,,Cle,RB,17,144.42999,4%,202,209,0,0,0,534,3,24,19,137,0,7,139,0,0,0,,,16,63.93,0,2403,340,0,0,0,166,0,7,3,14,0,0,364,0,0,0,,,,,,,,,,,,,,,,,,,,,,,
Demetric Felton,0,0,1,0,,,Cle,RB,16,98.370003,0%,2482,271,0,0,0,24,0,0,18,181,2,10,399,0,0,0,105,1,,,,,,,,,,,,,,,,,,,,,,,,,,,,,,,,,,,,,,,,,,
Amari Cooper,0,1,0,0,,,Cle,WR,15,234.67,93%,72,89,0,0,0,0,0,0,68,865,8,45,0,0,0,0,81,23,16,264.67001,97,35,48,0,0,0,14,0,1,92,1114,5,54,0,0,1,0,71,22,16,276.87,99,-,41,0,0,0,6,0,0,79,1189,8,54,0,0,0,0,47,28
Jakeem Grant Sr.,0,1,0,0,,,Cle,WR,15,130.89999,0%,2426,232,0,0,0,33,0,2,11,132,2,7,848,1,0,3,,,,,,,,,,,,,,,,,,,,,,,,,,,,,,,,,,,,,,,,,,,,
Harrison Bryant,1,0,0,0,,,Cle,TE,16,74.529999,0%,1854,313,0,0,0,0,0,0,21,233,3,14,0,0,0,0,,,15,73.870003,1,1789,317,0,0,0,0,0,0,24,238,3,14,0,0,0,2,,,,,,,,,,,,,,,,,,,,,,,
Kareem Hunt,0,0,1,0,,,Cle,RB,8,136.2,88%,82,221,0,0,0,386,5,22,22,174,0,10,0,0,1,0,60,12,16,269.37,95,55,44,0,0,0,841,6,44,38,304,5,19,0,0,0,0,82,13,8,114.9,92,-,230,0,0,0,179,2,8,37,285,1,17,0,0,0,0,63,4
James Washington,0,1,0,0,,,Dal,WR,15,70.300003,2%,2045,329,0,0,0,13,0,1,24,285,2,9,0,0,0,0,,,16,115.13,2,250,231,0,0,0,0,0,0,30,392,5,19,0,0,0,0,,,15,146,18,-,170,0,0,0,0,0,0,44,735,3,31,0,0,0,1,122,6
Dalton Schultz,1,0,0,0,,,Dal,TE,17,240.87,98%,59,86,0,0,0,0,0,0,78,808,8,43,0,0,1,0,,,16,167,4,300,147,0,0,0,0,0,0,63,615,4,33,0,0,0,1,,,,,,,,,,,,,,,,,,,,,,,
Tony Pollard,0,0,1,0,,,Dal,RB,15,248.27,88%,80,71,0,0,0,719,2,35,39,337,0,15,489,1,0,0,192,1,16,216.97,67,102,81,0,0,0,435,4,23,28,193,1,9,766,0,0,0,193,1,15,133.13,48,-,192,0,0,0,455,2,21,15,107,1,4,245,0,1,1,18,10
Ezekiel Elliott,0,0,1,0,,,Dal,RB,17,317.48999,99%,28,28,4,0,0,1002,10,55,47,287,2,16,0,0,3,1,15,60,15,286.42999,100,6,36,0,0,0,979,6,62,52,338,2,20,0,0,1,5,11,61,16,376.70001,100,-,4,0,0,0,1357,12,78,54,420,2,21,0,0,0,2,11,60
Michael Gallup,0,1,0,0,,,Dal,WR,9,103.67,44%,215,264,0,0,0,0,0,0,35,445,2,23,0,0,0,0,144,2,16,199.2,65,118,99,0,0,0,0,0,0,59,843,5,44,0,0,0,0,81,12,14,237.8,93,-,72,0,0,0,0,0,0,66,1107,6,50,0,0,0,0,194,1
CeeDee Lamb,0,1,0,0,,,Dal,WR,16,279.97,100%,14,47,0,0,0,76,0,4,79,1102,6,54,139,0,0,0,5,30,16,264.42999,97,29,49,0,0,0,82,1,4,74,935,5,46,219,1,1,1,129,6,,,,,,,,,,,,,,,,,,,,,
Dak Prescott,0,0,0,1,,,Dal,QB,16,327.56,95%,91,22,4449,37,10,146,1,7,0,0,0,0,0,0,3,6,69,33,5,140.27,99,58,188,1856,9,4,93,3,8,1,11,1,1,0,0,2,3,20,33,16,350.78,99,-,7,4902,30,11,277,3,19,0,0,0,0,0,0,1,2,108,20
Albert Okwuegbunam,1,0,0,0,,,Den,TE,14,84,82%,110,296,0,0,0,0,0,0,33,330,2,15,0,0,0,1,,,,,,,,,,,,,,,,,,,,,,,,,,,,,,,,,,,,,,,,,,,,
Russell Wilson,0,0,0,1,,,Den,QB,14,259.82001,96%,81,64,3113,25,6,183,2,17,0,0,0,0,0,0,1,1,40,45,16,380.78,99,67,10,4212,40,13,513,2,25,0,0,0,0,0,0,1,4,33,40,16,339.60001,100,-,9,4110,31,5,342,3,17,0,0,0,0,0,0,1,2,69,32
Javonte Williams,0,0,1,0,,,Den,RB,17,264.37,99%,25,62,0,0,0,903,4,52,43,316,3,12,0,0,0,1,136,3,,,,,,,,,,,,,,,,,,,,,,,,,,,,,,,,,,,,,,,,,,
Tim Patrick,0,1,0,0,,,Den,WR,16,181.92999,15%,2000,141,0,0,0,0,0,1,53,734,5,39,0,0,0,0,,,15,181.47,5,231,122,0,0,0,0,0,0,51,742,6,33,0,0,0,0,,,8,43.130001,0,-,381,0,0,0,0,0,0,16,218,0,14,-14,0,0,0,,
Josh Johnson,0,0,0,1,,,Den,QB,4,47.32,0%,2097,371,638,5,2,28,0,1,0,0,0,0,0,0,1,0,,,,,,,,,,,,,,,,,,,,,,,,,,,,,,,,,,,,,,,,,,,,
Kendall Hinton,0,1,0,0,,,Den,WR,16,47.110001,0%,2412,374,1,0,0,0,0,0,15,175,1,10,24,0,0,0,,,,,,,,,,,,,,,,,,,,,,,,,,,,,,,,,,,,,,,,,,,,
Courtland Sutton,0,1,0,0,,,Den,WR,17,163.37,96%,53,170,16,0,0,0,0,0,58,776,2,35,0,0,1,0,156,3,,,,,,,,,,,,,,,,,,,,45,15,16,248.35001,97,-,62,38,0,0,17,0,1,72,1112,6,50,0,0,0,0,40,7
Jerry Jeudy,0,1,0,0,,,Den,WR,10,91.43,94%,63,284,0,0,0,3,0,0,38,467,0,22,0,0,0,0,75,8,16,174.07001,87,97,135,0,0,0,0,0,0,52,856,3,39,0,0,1,0,188,1,,,,,,,,,,,,,,,,,,,,,
Melvin Gordon III,0,0,1,0,,,Den,RB,16,249,87%,78,69,0,0,0,918,8,48,28,213,2,9,0,0,0,3,33,9,15,230.13,89,80,71,0,0,0,986,9,46,32,158,1,7,0,0,0,4,59,23,12,206.92999,98,-,110,0,0,0,612,8,39,42,296,1,11,0,0,0,3,2,23
Jamaal Williams,0,0,1,0,,,Det,RB,13,162.57001,35%,117,173,0,0,0,601,3,42,26,157,0,6,0,0,0,0,169,1,14,159.23,54,106,163,0,0,0,505,2,29,31,236,1,11,20,0,2,0,,,14,185.77,11,-,125,0,0,0,460,1,23,39,253,5,16,9,0,0,0,,
Kalif Raymond,0,1,0,0,,,Det,WR,16,174.8,1%,1847,151,0,0,0,28,0,2,48,576,4,28,236,0,0,0,,,15,76.470001,0,2369,311,0,0,0,-3,0,0,9,187,0,7,483,0,0,0,,,8,76.629997,0,-,308,0,0,0,-5,0,0,9,170,1,6,448,0,0,1,,
D'Andre Swift,0,0,1,0,,,Det,RB,13,243.83,100%,16,82,0,0,0,617,5,28,62,452,2,18,0,0,0,1,30,24,13,211.89999,97,38,89,0,0,0,521,8,31,46,357,2,15,0,0,0,2,96,2,,,,,,,,,,,,,,,,,,,,,
Amon-Ra St. Brown,0,1,0,0,,,Det,WR,17,256.89999,92%,66,66,0,0,0,61,1,2,90,912,5,48,0,0,2,0,,,,,,,,,,,,,,,,,,,,,,,,,,,,,,,,,,,,,,,,,,,,
Godwin Igwebuike,0,0,1,0,,,Det,RB,17,105.5,0%,2520,258,0,0,0,118,1,7,7,60,0,4,697,0,0,2,,,,,,,,,,,,,,,,,,,,,,,,,,,,,,,,,,,,,,,,,,,,
Quintez Cephus,0,1,0,0,,,Det,WR,5,55.599998,0%,297,355,0,0,0,0,0,0,15,204,2,9,0,0,1,0,,,13,75.269997,3,338,313,0,0,0,0,0,0,20,349,2,16,0,0,0,0,,,,,,,,,,,,,,,,,,,,,,,
Jared Goff,0,0,0,1,,,Det,QB,14,198.5,23%,152,118,3245,19,8,87,0,4,0,0,0,0,0,0,4,6,174,1,15,243.98,15,207,58,3952,20,13,99,4,12,0,0,0,0,0,0,1,4,140,17,16,248.52,67,-,63,4638,22,16,40,2,5,0,0,0,0,0,0,0,5,79,27
Craig Reynolds,0,0,1,0,,,Det,RB,5,47.470001,0%,1866,369,0,0,0,230,0,11,7,52,0,3,0,0,0,0,,,,,,,,,,,,,,,,,,,,,,,,,,,,,,,,,,,,,,,,,,,,
Josh Reynolds,0,1,0,0,,,Det,WR,12,92.400002,1%,292,281,0,0,0,0,0,0,29,396,2,21,0,0,0,0,,,16,138.7,5,226,191,0,0,0,5,0,0,52,618,2,31,0,0,0,1,,,16,70.029999,4,-,323,0,0,0,23,0,2,21,326,1,15,0,0,0,0,,
Brock Wright,1,0,0,0,,,Det,TE,10,41.799999,0%,1878,387,0,0,0,0,0,0,12,117,2,6,0,0,0,0,,,,,,,,,,,,,,,,,,,,,,,,,,,,,,,,,,,,,,,,,,,,
Justin Jackson,0,0,1,0,,,Det,RB,14,106.27,1%,1870,257,0,0,0,364,2,18,22,178,0,8,0,0,0,1,,,9,81.529999,3,275,300,0,0,0,270,0,15,19,173,0,7,0,0,1,0,,,7,50.169998,30,-,359,0,0,0,200,0,9,9,22,0,0,107,0,0,0,206,1
T.J. Hockenson,1,0,0,0,,,Det,TE,12,165.87,97%,84,167,0,0,0,0,0,0,61,583,4,32,0,0,1,0,35,17,16,203.2,99,51,97,0,0,0,0,0,0,67,723,6,40,0,0,1,1,158,1,12,91.470001,75,-,276,0,0,0,0,0,0,32,367,2,19,0,0,0,0,70,7
Aaron Rodgers,0,0,0,1,,,GB,QB,16,343.42999,94%,103,17,4115,37,4,101,3,10,1,-4,0,0,0,0,0,0,46,37,16,392.45999,98,82,8,4299,48,5,149,3,15,1,-6,0,0,0,0,0,2,95,20,16,285.38,94,-,35,4002,26,4,183,1,9,0,0,0,0,0,0,3,4,41,37
Josiah Deguara,1,0,0,0,,,GB,TE,16,66.330002,0%,1864,333,0,0,0,0,0,0,25,245,2,9,0,0,0,0,,,,,,,,,,,,,,,,,,,,,,,,,,,,,,,,,,,,,,,,,,,,
Randall Cobb,0,1,0,0,,,GB,WR,12,112.1,4%,271,254,0,0,0,1,0,0,28,375,5,21,0,0,0,1,,,10,111.4,12,282,241,0,0,0,0,0,0,38,441,3,20,0,0,0,0,,,15,178.8,10,-,133,0,0,0,11,0,0,55,828,3,41,45,0,0,1,,
Robert Tonyan,1,0,0,0,,,GB,TE,8,57.599998,32%,159,348,0,0,0,0,0,0,18,204,2,10,0,0,0,0,116,5,16,212.07001,91,103,88,0,0,0,0,0,0,52,586,11,33,0,0,0,0,,,,,,,,,,,,,,,,,,,,,,,
Amari Rodgers,0,1,0,0,,,GB,WR,16,47.599998,2%,2528,368,0,0,0,11,0,1,4,45,0,2,365,0,0,0,,,,,,,,,,,,,,,,,,,,,,,,,,,,,,,,,,,,,,,,,,,,
Aaron Jones,0,0,1,0,,,GB,RB,15,288.87,100%,11,41,0,0,0,799,4,37,52,391,6,22,19,0,0,1,31,49,14,300.07001,100,11,28,0,0,0,1104,9,52,47,355,2,15,0,0,0,0,50,32,16,346,100,-,8,0,0,0,1084,16,55,49,474,3,18,0,0,0,2,98,36
Sammy Watkins,0,1,0,0,,,GB,WR,13,76.269997,12%,229,308,0,0,0,0,0,0,27,394,1,17,0,0,0,1,,,10,104.37,15,253,257,0,0,1,3,0,0,37,421,2,27,0,0,0,1,196,1,14,153.07001,50,-,162,0,0,0,12,0,1,52,673,3,30,0,0,1,1,81,12
Marcedes Lewis,1,0,0,0,,,GB,TE,17,47.27,0%,1905,370,0,0,0,0,0,0,23,214,0,10,0,0,0,0,,,15,47.130001,0,1809,381,0,0,0,0,0,0,10,107,3,6,0,0,0,0,,,,,,,,,,,,,,,,,,,,,,,
AJ Dillon,0,0,1,0,,,GB,RB,17,244.17,94%,47,77,0,0,0,803,5,50,34,313,2,15,0,0,0,1,132,2,11,47.599998,81,92,379,0,0,0,242,2,11,2,21,0,1,0,0,0,0,,,,,,,,,,,,,,,,,,,,,,,
Allen Lazard,0,1,0,0,,,GB,WR,15,171.39999,86%,98,159,0,0,0,32,0,2,40,513,8,28,0,0,0,0,,,10,112.77,9,217,236,0,0,0,17,0,1,33,451,3,23,0,0,0,0,156,7,16,117.9,27,-,219,0,0,0,21,0,1,35,477,3,24,0,0,0,0,,
David Johnson,0,0,1,0,,,Hou,RB,13,93.800003,1%,347,278,0,0,0,228,0,7,32,225,1,11,0,0,0,1,194,1,12,215.03,85,84,83,0,0,0,691,6,38,33,314,2,16,0,0,0,1,84,19,13,172.57001,94,-,142,0,0,0,345,2,20,36,370,4,17,24,0,0,1,1,52
Chris Conley,0,1,0,0,,,Hou,WR,16,73.830002,0%,1904,316,0,0,0,3,0,1,22,323,2,15,0,0,0,1,,,15,109.4,1,1776,245,0,0,0,0,0,0,40,471,2,24,0,0,0,1,,,16,176.67,2,-,137,0,0,0,0,0,0,47,775,5,36,0,0,1,0,,
Rex Burkhead,0,0,1,0,,,Hou,RB,16,137.10001,2%,221,219,0,0,0,427,3,30,25,186,0,9,0,0,0,0,,,10,130.2,1,307,203,0,0,0,274,3,18,25,192,3,11,0,0,0,0,,,13,113.8,2,-,235,0,0,0,302,3,18,27,279,0,10,0,0,0,1,,
Davis Mills,0,0,0,1,,,Hou,QB,13,161.96001,8%,209,175,2664,16,10,44,0,5,0,0,0,0,0,0,2,1,,,,,,,,,,,,,,,,,,,,,,,,,,,,,,,,,,,,,,,,,,,,
Nico Collins,0,1,0,0,,,Hou,WR,14,92.730003,12%,160,280,0,0,0,0,0,0,33,446,1,22,0,0,0,0,,,,,,,,,,,,,,,,,,,,,,,,,,,,,,,,,,,,,,,,,,,,
Royce Freeman,0,0,1,0,,,Hou,RB,15,44.029999,0%,2497,383,0,0,0,169,0,8,10,77,0,4,0,0,0,0,,,16,48.400002,1,2181,376,0,0,0,170,0,10,12,81,0,4,0,0,0,0,,,16,161.67,8,-,153,0,0,0,496,3,22,43,256,1,10,0,0,0,0,191,1
Brevin Jordan,1,0,0,0,,,Hou,TE,9,65.870003,4%,246,335,0,0,0,0,0,0,20,178,3,10,0,0,0,0,,,,,,,,,,,,,,,,,,,,,,,,,,,,,,,,,,,,,,,,,,,,
Dare Ogunbowale,0,0,1,0,,,Hou,RB,17,56.299999,0%,2463,352,0,0,0,137,1,5,13,114,1,3,0,0,0,0,,,,,,,,,,,,,,,,,,,,,,,,16,101.07,1,-,257,0,0,0,17,2,3,35,286,0,14,223,0,0,1,,
Brandin Cooks,0,1,0,0,,,Hou,WR,16,255.23,93%,56,67,0,0,0,21,0,1,90,1037,6,45,0,0,0,0,123,6,15,256.67001,81,89,52,0,0,0,0,0,0,81,1150,6,51,0,0,0,0,109,6,14,137.07001,84,-,180,0,0,0,52,0,3,42,583,2,32,0,0,0,0,109,24
Chris Moore,0,1,0,0,,,Hou,WR,12,58.130001,0%,1900,347,0,0,0,0,0,0,21,227,2,6,0,0,0,0,,,,,,,,,,,,,,,,,,,,,,,,,,,,,,,,,,,,,,,,,,,,
T.Y. Hilton,0,1,0,0,,,Ind,WR,10,84.07,1%,335,295,0,0,0,0,0,0,23,331,3,15,0,0,0,0,177,1,15,190.8,52,157,108,0,0,0,0,0,0,56,762,5,42,0,0,1,0,62,13,10,142.39999,95,-,173,0,0,0,0,0,0,45,501,5,24,0,0,0,0,42,39
Jonathan Taylor,0,0,1,0,,,Ind,RB,17,484.10001,100%,1,2,0,0,0,1811,18,107,40,360,2,12,0,0,0,2,17,51,15,303.82999,100,5,25,0,0,0,1169,11,69,36,299,1,12,0,0,0,1,38,22,,,,,,,,,,,,,,,,,,,,,
Matt Ryan,0,0,0,1,,,Ind,QB,17,231.92,55%,137,91,3968,20,12,82,1,9,0,0,0,0,0,0,1,4,48,17,16,286.44,85,109,37,4581,26,11,92,2,8,0,0,0,0,0,0,1,3,47,23,15,275.34,97,-,42,4466,26,14,147,1,10,0,0,0,0,0,0,1,5,93,24
Ashton Dulin,0,1,0,0,,,Ind,WR,17,74.330002,0%,2487,314,0,0,0,32,0,1,13,173,2,9,206,0,0,0,,,,,,,,,,,,,,,,,,,,,,,,,,,,,,,,,,,,,,,,,,,,
Michael Pittman Jr.,0,1,0,0,,,Ind,WR,17,269.53,99%,27,56,0,0,0,44,0,1,88,1082,6,54,0,0,1,0,153,2,13,107.13,61,127,253,0,0,0,26,0,1,40,503,1,22,0,0,0,0,,,,,,,,,,,,,,,,,,,,,,,
Ty'Son Williams,0,0,1,0,,,Ind,RB,13,51.099998,0%,1894,364,0,0,0,185,1,8,9,84,0,4,0,0,0,0,,,,,,,,,,,,,,,,,,,,,,,,,,,,,,,,,,,,,,,,,,,,
Nyheim Hines,0,0,1,0,,,Ind,RB,17,158.27,56%,111,182,0,0,0,276,2,15,40,310,1,15,240,0,0,2,165,2,16,264.13,74,114,50,0,0,0,380,3,24,63,482,4,24,370,0,1,0,,,16,170.63,20,-,144,0,0,0,199,2,16,44,320,0,15,404,2,0,1,152,5
Phillip Lindsay,0,0,1,0,,,Ind,RB,14,65.099998,1%,227,336,0,0,0,249,1,11,4,45,1,1,72,0,0,0,182,1,11,83.07,47,130,297,0,0,0,502,1,19,7,28,0,1,0,0,0,0,135,2,16,225.17,88,-,86,0,0,0,1011,7,39,35,196,0,9,0,0,0,0,134,18
Mo Alie-Cox,1,0,0,0,,,Ind,TE,17,91.07,6%,186,285,0,0,0,0,0,0,24,316,4,14,0,0,0,0,,,15,90.269997,2,1788,285,0,0,0,0,0,0,31,394,2,19,0,0,0,1,,,,,,,,,,,,,,,,,,,,,,,
Jamal Agnew,0,1,0,0,,,Jax,WR,10,145.27,1%,1856,206,0,0,0,111,1,3,24,229,1,14,599,1,0,0,,,14,127.33,0,2383,213,0,0,0,33,0,3,13,89,0,4,961,1,0,1,,,,,,,,,,,,,,,,,,,,,,,
Evan Engram,1,0,0,0,,,Jax,TE,15,115.9,19%,156,249,0,0,0,-3,0,0,46,408,3,21,0,0,0,1,8,3,16,152.2,63,136,170,0,0,0,26,1,1,63,654,1,32,0,0,0,1,122,17,8,122.83,95,-,211,0,0,0,7,0,0,44,467,3,23,0,0,0,0,5,10
James Robinson,0,0,1,0,,,Jax,RB,14,216.5,65%,106,101,0,0,0,767,8,41,31,222,0,9,0,0,0,2,79,20,14,299.92999,92,71,29,0,0,0,1070,7,54,49,344,3,15,0,0,1,1,,,,,,,,,,,,,,,,,,,,,,,
Dan Arnold,1,0,0,0,,,Jax,TE,11,83.5,1%,291,297,0,0,0,0,0,0,35,408,0,20,13,0,1,1,,,16,114.2,2,270,233,0,0,0,0,0,0,31,438,4,24,0,0,0,1,,,,,,,,,,,,,,,,,,,,,,,
Christian Kirk,0,1,0,0,,,Jax,WR,17,229.39,74%,100,92,33,0,0,11,0,1,77,982,5,44,-5,0,0,0,,,14,183.89999,34,185,116,0,0,0,3,0,1,48,621,6,30,152,0,0,0,132,6,13,189.47,56,-,121,0,0,0,93,0,4,68,709,3,31,39,0,1,0,72,21
Laquon Treadwell,0,1,0,0,,,Jax,WR,12,91.93,0%,1860,283,0,0,0,0,0,0,33,434,1,22,0,0,0,0,,,,,,,,,,,,,,,,,,,,,,,,,,,,,,,,,,,,,,,,,,,,
Carlos Hyde,0,0,1,0,,,Jax,RB,12,58.630001,0%,2067,346,0,0,0,253,1,14,12,65,0,1,0,0,0,2,,,10,97.800003,4,183,272,0,0,0,356,4,20,16,93,0,4,0,0,0,0,,,16,196.8,20,-,117,0,0,0,1070,6,55,10,42,0,2,0,0,0,2,189,1
Laviska Shenault Jr.,0,1,0,0,,,Jax,WR,16,138.37,3%,268,217,0,0,0,41,0,2,63,619,0,30,0,0,0,1,133,4,14,186.10001,63,117,114,0,0,0,91,0,6,58,600,5,33,0,0,0,0,,,,,,,,,,,,,,,,,,,,,,,
Trevor Lawrence,0,0,0,1,,,Jax,QB,17,221.03999,57%,123,97,3641,12,17,334,2,22,0,0,0,0,0,0,2,5,12,19,,,,,,,,,,,,,,,,,,,,,,,,,,,,,,,,,,,,,,,,,,
Zay Jones,0,1,0,0,,,Jax,WR,17,118.7,2%,264,242,0,0,0,3,0,0,47,546,1,29,0,0,0,1,,,,,,,,,,,,,,,,,,,,,,,,15,51.700001,0,-,357,0,0,0,3,0,0,27,216,0,10,0,0,0,0,,
Marvin Jones Jr.,0,1,0,0,,,Jax,WR,17,202.47,7%,211,117,0,0,0,0,0,0,73,832,4,42,0,0,0,0,176,1,16,265.20001,59,119,46,0,0,0,0,0,0,76,978,9,52,0,0,0,0,92,5,13,226.92999,79,-,85,0,0,0,0,0,0,62,779,9,41,0,0,0,0,198,3
Travis Kelce,1,0,0,0,14,,KC,TE,16,307.29999,100%,19,33,0,0,0,3,1,1,92,1125,9,63,0,0,0,1,9,46,15,366.56,100,12,13,4,0,0,0,0,0,105,1416,11,79,0,0,1,1,15,38,16,288.32999,100,-,32,0,0,0,4,1,1,97,1229,5,66,0,0,0,1,23,38
Derrick Gore,0,0,1,0,14,,KC,RB,11,67.599998,0%,1861,331,0,0,0,256,2,12,8,105,0,3,0,0,0,0,,,,,,,,,,,,,,,,,,,,,,,,,,,,,,,,,,,,,,,,,,,,
Mecole Hardman,0,1,0,0,14,,KC,WR,17,176,37%,168,149,0,0,0,46,0,2,59,693,2,33,192,0,0,2,99,10,16,176.42999,54,152,133,0,0,0,31,0,2,41,560,4,23,360,1,1,2,110,6,16,217.67,64,-,98,0,0,0,17,0,1,26,538,6,18,871,1,0,2,,
Jerick McKinnon,0,0,1,0,14,,KC,RB,13,42.330002,3%,222,386,0,0,0,62,0,2,13,107,1,6,0,0,0,0,,,16,161.67,8,230,160,0,0,0,319,5,16,33,253,1,12,239,0,0,0,,,,,,,,,,,,,,,,,,,,,,202,1
Patrick Mahomes,0,0,0,1,14,,KC,QB,17,386.66,100%,55,8,4839,37,13,381,2,25,0,0,0,0,0,0,2,4,14,52,15,391.39999,100,33,9,4740,38,6,308,2,21,0,0,0,0,0,0,3,2,19,60,14,298.04001,100,-,25,4031,26,5,218,2,15,0,0,0,0,0,0,1,2,12,42
Clyde Edwards-Helaire,0,0,1,0,14,,KC,RB,10,146.3,91%,73,203,0,0,0,517,4,21,19,129,2,8,0,0,1,2,25,39,13,211.10001,99,22,91,0,0,0,803,4,39,36,297,1,12,0,0,0,0,39,45,,,,,,,,,,,,,,,,,,,,,
Marquez Valdes-Scantling,0,1,0,0,14,,KC,WR,11,96.669998,49%,143,275,0,0,0,0,0,0,26,430,3,18,0,0,0,0,,,16,154.3,8,245,168,0,0,0,13,0,1,33,690,6,27,0,0,0,1,,,16,87.029999,2,-,284,0,0,0,9,0,0,26,452,2,14,0,0,0,0,174,1
Ronald Jones II,0,0,1,0,14,,KC,RB,16,104.07,47%,132,263,0,0,0,428,4,25,10,64,0,2,0,0,0,2,125,5,14,218.8,92,78,77,0,0,0,978,7,48,28,165,1,2,0,0,0,2,104,11,16,190,90,-,120,0,0,0,724,6,34,31,309,0,12,0,0,0,2,,
Jared Cook,1,0,0,0,,,LAC,TE,16,152.60001,1%,325,187,0,0,0,0,0,0,48,564,4,31,0,0,2,0,188,1,15,151.60001,42,168,171,0,0,0,0,0,0,37,504,7,27,0,0,0,1,87,8,14,194,96,-,118,0,0,0,0,0,0,43,705,9,32,0,0,0,0,14,8
DeAndre Carter,0,1,0,0,,,LAC,WR,17,205.42999,0%,2085,112,0,0,0,89,0,4,24,296,3,17,1038,1,0,0,,,,,,,,,,,,,,,,,,,,,,,,16,78,0,-,302,0,0,0,0,0,0,11,162,0,6,522,0,0,1,,
Joshua Palmer,0,1,0,0,,,LAC,WR,17,107.13,9%,217,256,0,0,0,6,0,0,33,353,4,18,0,0,0,0,,,,,,,,,,,,,,,,,,,,,,,,,,,,,,,,,,,,,,,,,,,,
Austin Ekeler,0,0,1,0,,,LAC,RB,16,422.23001,100%,5,4,0,0,0,911,12,53,70,647,8,31,0,0,2,3,37,50,10,199.87,99,16,98,0,0,0,530,1,26,54,403,2,20,0,0,0,0,40,40,16,359.89999,99,-,5,0,0,0,557,3,32,92,993,8,42,0,0,0,2,186,5
Justin Herbert,0,0,0,1,,,LAC,QB,17,408.76001,100%,54,5,5014,38,15,302,3,28,0,0,0,0,0,0,6,1,68,33,15,342.84,98,79,16,4336,31,10,234,5,20,0,0,0,0,0,0,2,1,,,,,,,,,,,,,,,,,,,,,,,
Donald Parham Jr.,1,0,0,0,,,LAC,TE,14,71.669998,1%,1853,326,0,0,0,0,0,0,20,190,3,13,0,0,1,0,,,13,52.599998,2,221,369,0,0,0,0,0,0,10,159,3,8,0,0,0,0,,,,,,,,,,,,,,,,,,,,,,,
Jalen Guyton,0,1,0,0,,,LAC,WR,16,114.47,1%,1869,251,0,0,0,34,0,2,31,448,3,21,32,0,0,0,,,16,104.07,2,1803,258,0,0,0,0,0,0,28,511,3,18,0,0,0,0,,,,,,,,,,,,,,,,,,,,,,,
Keenan Allen,0,1,0,0,,,LAC,WR,16,297.87,100%,30,39,0,0,0,0,0,0,106,1138,6,66,0,0,1,0,52,27,14,289.03,99,26,35,0,0,0,-1,0,0,100,992,8,61,0,0,1,2,49,19,16,297.53,96,-,26,0,0,0,16,0,1,104,1199,6,63,0,0,0,0,45,35
Mike Williams,0,1,0,0,,,LAC,WR,16,277.39999,97%,39,50,0,0,0,0,0,0,76,1146,9,51,0,0,1,0,173,1,15,173.5,71,126,137,0,0,0,1,0,0,48,756,5,35,0,0,0,0,149,2,15,172.92999,67,-,141,0,0,0,2,0,0,49,1001,2,41,0,0,0,0,103,18
Gerald Everett,1,0,0,0,,,LAC,TE,15,137.87,29%,150,218,0,0,0,20,0,2,48,478,4,26,0,0,0,2,91,6,16,104,36,149,260,0,0,0,2,1,1,41,417,1,24,0,0,0,1,,,13,102.2,9,-,254,0,0,0,0,0,0,37,408,2,22,0,0,0,0,,
Tyler Higbee,1,0,0,0,,,LAR,TE,15,171.33,52%,145,161,0,0,0,0,0,0,61,560,5,33,0,0,0,0,126,5,15,147.83,93,73,174,0,0,0,1,0,0,44,521,5,27,0,0,1,0,75,8,15,177.92999,96,-,134,0,0,0,0,0,0,69,734,3,36,0,0,0,0,,
Darrell Henderson Jr.,0,0,1,0,,,LAR,RB,12,210.53,67%,102,108,0,0,0,688,5,39,29,176,3,8,0,0,0,0,113,12,15,165,90,40,151,0,0,0,624,5,40,16,159,1,8,0,0,0,0,184,1,,,,,,,,,,,,,,,,,,,,20,11
Van Jefferson,0,1,0,0,,,LAR,WR,17,186.47,14%,195,131,0,0,0,20,0,1,50,802,6,32,0,0,0,0,,,,,,,,,,,,,,,,,,,,,,,,,,,,,,,,,,,,,,,,,,,,
Allen Robinson II,0,1,0,0,,,LAR,WR,12,97.330002,95%,45,273,0,0,0,0,0,0,38,410,1,22,0,0,1,0,24,27,16,301.23001,99,25,27,0,0,0,-1,0,0,102,1250,6,68,0,0,0,0,42,25,16,293.67001,99,-,28,0,0,0,2,0,0,98,1147,7,63,0,0,0,0,112,12
Matthew Stafford,0,0,0,1,,,LAR,QB,17,337.73999,94%,93,19,4886,41,17,43,0,8,0,0,0,0,0,0,2,2,6,24,16,272.56,94,101,42,4084,26,10,112,0,12,0,0,0,0,0,0,2,1,138,16,8,171.56,90,-,143,2499,19,5,66,0,5,0,0,0,0,0,0,0,3,145,8
Odell Beckham Jr.,0,1,0,0,,,LAR,WR,14,149.2,17%,206,196,0,0,0,14,0,1,44,537,5,27,0,0,0,0,28,15,7,99.190002,93,63,269,18,0,0,72,1,2,23,319,3,17,0,0,0,0,32,26,16,219.2,100,-,94,20,0,0,10,0,1,74,1035,4,44,-6,0,0,1,26,44
Cooper Kupp,0,1,0,0,,,LAR,WR,17,499.39999,100%,3,1,0,0,0,18,0,1,145,1947,16,89,28,0,1,0,21,24,15,235.23,96,43,64,0,0,0,33,0,3,92,974,3,45,50,0,0,1,72,21,16,302.79999,98,-,23,0,0,0,4,0,0,94,1161,10,51,0,0,0,0,48,25
Josh Jacobs,0,0,1,0,,,LV,RB,15,273.39999,96%,49,53,0,0,0,872,9,45,54,348,0,14,0,0,0,2,67,22,15,269.37,97,44,45,0,0,0,1065,12,61,33,238,0,9,0,0,0,2,3,29,13,233.07001,100,-,77,0,0,0,1150,7,53,20,166,0,8,0,0,0,1,94,27
Hunter Renfrow,0,1,0,0,,,LV,WR,17,323.79999,89%,87,25,0,0,0,3,0,0,103,1038,9,51,303,0,0,1,,,16,172.23,5,263,139,0,0,0,0,0,0,56,656,2,32,265,0,0,1,194,1,13,156.13,31,-,159,0,0,0,0,0,0,49,605,4,31,38,0,0,0,,
Derek Carr,0,0,0,1,,,LV,QB,17,265.95999,89%,105,58,4804,23,14,108,0,9,0,0,0,0,0,0,0,5,83,13,16,282.12,39,161,38,4103,27,9,140,3,16,0,0,0,0,0,0,1,8,144,3,16,247.36,27,-,65,4054,21,8,82,2,7,0,0,0,0,0,0,0,3,155,9
Keelan Cole,0,1,0,0,,,LV,WR,15,99.93,0%,1863,266,0,0,0,0,0,0,28,449,1,20,140,0,0,0,,,,,,,,,,,,,,,,,,,,,,,,16,102.67,0,-,253,0,0,0,6,0,0,24,361,3,19,110,0,0,0,,
Brandon Bolden,0,0,1,0,,,LV,RB,17,153.8,1%,1862,185,0,0,0,226,1,12,41,405,2,21,62,0,1,0,,,,,,,,,,,,,,,,,,,,,,,,15,105.7,0,-,246,0,0,0,68,3,5,9,111,1,6,515,0,0,0,,
Kenyan Drake,0,0,1,0,,,LV,RB,12,141,6%,250,213,0,0,0,254,2,15,30,291,1,12,192,0,0,0,162,1,15,231.63,83,95,69,0,0,0,955,10,59,25,137,0,5,0,0,0,1,5,31,14,251.2,100,-,55,0,0,0,817,8,48,50,345,0,15,15,0,1,1,177,4
Demarcus Robinson,0,1,0,0,,,LV,WR,17,79.900002,0%,1897,301,0,0,0,0,0,0,25,264,3,13,3,0,0,0,,,16,124.87,2,1785,218,0,0,0,0,0,0,45,466,3,26,8,0,0,1,,,16,112.93,2,-,237,0,0,0,0,0,0,32,449,4,19,0,0,0,0,,
Ameer Abdullah,0,0,1,0,,,LV,RB,17,167.47,1%,2308,165,0,0,0,166,0,8,38,289,1,13,646,0,0,0,,,16,75.269997,0,2365,314,0,0,0,42,0,4,8,58,2,4,352,0,0,0,,,16,79.870003,0,-,299,0,0,0,115,0,4,15,88,1,5,325,0,0,1,,
Mack Hollins,0,1,0,0,,,LV,WR,17,71.870003,0%,2096,324,0,0,0,0,0,0,14,223,4,11,0,0,0,0,,,,,,,,,,,,,,,,,,,,,,,,,,,,,,,,,,,,,,,,,,,,
Darren Waller,1,0,0,0,,,LV,TE,11,146.33,99%,52,202,0,0,0,0,0,0,55,665,2,31,0,0,0,0,66,48,16,325.73001,100,27,19,0,0,0,0,0,0,107,1196,9,69,0,0,1,2,117,22,16,241.83,98,-,69,0,0,0,5,0,0,90,1145,3,53,0,0,0,1,,
Foster Moreau,1,0,0,0,,,LV,TE,17,94.870003,1%,282,276,0,0,0,0,0,0,30,373,3,16,0,0,0,0,,,,,,,,,,,,,,,,,,,,,,,,13,86.599998,0,-,286,0,0,0,0,0,0,21,174,5,14,0,0,0,0,,
Davante Adams,0,1,0,0,,,LV,WR,16,398.53,100%,13,6,0,0,0,0,0,0,123,1553,11,84,0,0,0,0,23,49,14,421.60001,100,19,2,0,0,0,0,0,0,115,1374,18,73,0,0,0,1,26,49,12,243.47,100,-,66,0,0,0,0,0,0,83,997,5,54,0,0,1,1,54,57
Tua Tagovailoa,0,0,0,1,,,Mia,QB,13,193.92,73%,119,122,2653,16,10,128,3,13,0,0,0,0,0,0,1,1,7,17,10,142.46001,39,165,184,1814,11,5,109,3,13,0,0,0,0,0,0,1,1,,,,,,,,,,,,,,,,,,,,,,,
Mike Gesicki,1,0,0,0,,,Mia,TE,17,182,82%,129,140,0,0,0,0,0,0,73,780,2,39,0,0,1,0,154,1,15,183.87,90,113,117,0,0,0,0,0,0,53,703,6,36,0,0,0,0,137,7,16,152,81,-,163,0,0,0,0,0,0,51,570,5,25,0,0,0,1,,
Teddy Bridgewater,0,0,0,1,,,Mia,QB,14,218.67999,1%,319,100,3052,18,7,106,2,16,0,0,0,0,0,0,1,1,143,3,15,249.22,6,314,53,3733,15,11,279,5,18,0,0,0,0,0,0,1,3,186,2,9,94.459999,31,-,269,1384,9,2,31,0,4,0,0,0,0,0,0,0,0,,
Tyreek Hill,0,1,0,0,,,Mia,WR,17,352.20001,100%,26,14,0,0,0,96,0,4,111,1239,9,75,0,0,0,1,2,55,15,374.37,100,9,11,0,0,0,123,2,5,87,1276,15,57,0,0,0,0,1,38,12,213.63,100,-,100,0,0,0,23,0,1,58,860,7,39,0,0,0,0,44,45
Jaylen Waddle,0,1,0,0,,,Mia,WR,16,303.26999,97%,41,35,0,0,0,3,1,1,104,1015,6,59,193,0,0,1,82,9,,,,,,,,,,,,,,,,,,,,,,,,,,,,,,,,,,,,,,,,,,
Sony Michel,0,0,1,0,,,Mia,RB,17,208.03,14%,175,111,0,0,0,845,4,49,21,128,1,6,90,0,0,1,166,1,9,95.5,9,176,275,0,0,0,449,1,19,7,114,1,5,0,0,0,0,124,2,16,197.47,79,-,116,0,0,0,912,7,55,12,94,0,7,0,0,0,1,107,15
Cedrick Wilson Jr.,0,1,0,0,,,Mia,WR,16,171.35001,2%,327,160,88,0,0,11,0,1,45,602,6,27,36,0,1,0,,,,,,,,,,,,,,,,,,,,,,,,,,,,,,,,,,,,,,,,,,,,
Chase Edmonds,0,0,1,0,,,Mia,RB,12,175.92999,89%,69,150,0,0,0,592,2,32,43,311,0,11,0,0,0,1,84,10,16,245.3,92,64,56,0,0,0,448,1,22,53,402,4,21,417,0,0,0,166,1,13,90.300003,39,-,279,0,0,0,303,4,12,12,105,1,5,0,0,0,0,,
Myles Gaskin,0,0,1,0,,,Mia,RB,17,214.7,5%,220,103,0,0,0,612,3,25,49,234,4,13,29,0,0,1,104,10,10,188.27,94,47,111,0,0,0,584,3,27,41,388,2,12,0,0,0,2,,,,,,,,,,,,,,,,,,,,,,,
Salvon Ahmed,0,0,1,0,,,Mia,RB,12,46.700001,0%,2046,375,0,0,0,149,0,8,12,117,0,4,0,0,0,0,,,6,80.970001,5,203,302,0,0,0,319,3,18,11,61,0,2,0,0,1,0,,,,,,,,,,,,,,,,,,,,,,,
Durham Smythe,1,0,0,0,,,Mia,TE,17,75.099998,0%,1876,311,0,0,0,3,0,2,34,357,0,15,0,0,0,0,,,15,69.370003,0,1816,326,0,0,0,0,0,0,26,208,2,13,5,0,0,0,,,,,,,,,,,,,,,,,,,,,,,
K.J. Osborn,0,1,0,0,,,Min,WR,17,179.97,11%,178,143,0,0,0,10,0,1,50,655,7,26,23,0,0,0,,,,,,,,,,,,,,,,,,,,,,,,,,,,,,,,,,,,,,,,,,,,
Kirk Cousins,0,0,0,1,,,Min,QB,16,308.34,85%,101,32,4221,33,7,115,1,8,0,0,0,0,0,0,0,2,42,21,16,320.20001,82,111,21,4265,35,13,156,1,16,0,0,0,0,0,0,5,5,83,14,15,250.42,51,-,57,3603,26,6,63,1,8,0,0,0,0,0,0,1,3,101,21
Alexander Mattison,0,0,1,0,,,Min,RB,16,160.10001,63%,108,178,0,0,0,491,3,28,32,228,1,10,18,0,0,1,183,1,13,109.73,49,120,243,0,0,0,434,2,24,13,125,1,5,0,0,0,0,,,13,85.669998,64,-,290,0,0,0,462,1,19,10,82,0,3,0,0,0,1,182,1
Justin Jefferson,0,1,0,0,,,Min,WR,17,372.53,100%,2,11,35,0,0,14,0,1,108,1616,10,75,0,0,0,1,43,41,16,299.53,100,18,30,0,0,0,2,0,0,88,1400,7,58,0,0,2,0,174,1,,,,,,,,,,,,,,,,,,,,,
Kene Nwangwu,0,0,1,0,,,Min,RB,11,79.599998,1%,2490,302,0,0,0,61,0,3,4,9,0,0,579,2,0,0,,,,,,,,,,,,,,,,,,,,,,,,,,,,,,,,,,,,,,,,,,,,
Albert Wilson,0,1,0,0,,,Min,WR,14,52.099998,0%,2074,362,0,0,0,17,0,1,25,213,0,10,2,0,0,0,,,,,,,,,,,,,,,,,,,,,,,,13,102.7,1,-,252,20,0,0,45,0,1,43,351,1,22,0,0,0,0,,
Dalvin Cook,0,0,1,0,,,Min,RB,13,264.82999,100%,6,60,0,0,0,1159,6,57,34,224,0,9,0,0,1,2,4,67,14,403.76999,100,2,5,0,0,0,1557,16,91,44,361,1,17,0,0,3,3,31,53,14,335.10001,100,-,12,0,0,0,1135,13,60,53,519,0,26,0,0,0,2,24,45
Adam Thielen,0,1,0,0,,,Min,WR,13,232.60001,91%,85,90,0,0,0,2,0,0,67,726,10,37,0,0,0,0,85,14,15,303.17001,96,49,26,0,0,0,15,0,0,74,925,14,52,0,0,1,0,27,32,10,129.47,99,-,200,0,0,0,6,1,1,30,418,6,18,0,0,0,0,27,37
Nelson Agholor,0,1,0,0,,,NE,WR,15,116.63,1%,279,247,0,0,0,11,0,0,37,473,3,23,0,0,0,0,,,16,208.73,54,179,92,0,0,0,0,0,0,48,896,8,37,0,0,0,0,,,11,106.6,2,-,242,0,0,0,7,0,1,39,363,3,17,7,0,1,1,168,1
Jonnu Smith,1,0,0,0,,,NE,TE,16,76.599998,2%,289,307,0,0,0,40,0,2,28,294,1,15,0,0,0,0,178,2,15,165.27,70,131,150,0,0,0,4,1,1,41,448,8,25,0,0,0,0,131,3,16,115.67,75,-,228,0,0,0,78,0,2,35,439,3,16,16,0,0,0,,
Jakobi Meyers,0,1,0,0,,,NE,WR,17,204.13,33%,142,115,45,0,0,9,0,0,83,866,2,42,7,0,2,1,189,1,14,155.22,11,198,166,43,2,0,9,0,0,59,729,0,37,0,0,1,1,,,15,66.93,1,-,325,0,0,0,0,0,0,26,359,0,17,0,0,0,0,139,1
Kendrick Bourne,0,1,0,0,,,NE,WR,17,197.83,8%,183,119,25,1,0,125,0,7,55,800,5,27,0,0,0,1,,,15,146.47,2,342,176,0,0,0,0,0,0,49,667,2,35,0,0,1,0,,,16,118.87,2,-,217,0,0,0,0,0,0,30,358,5,23,0,0,1,0,,
Lil'Jordan Humphrey,0,1,0,0,,,NE,WR,10,54.599998,0%,1872,357,0,0,0,0,0,0,13,249,2,9,0,0,0,0,,,,,,,,,,,,,,,,,,,,,,,,,,,,,,,,,,,,,,,,,,,,
Damien Harris,0,0,1,0,,,NE,RB,15,264.70001,93%,50,61,0,0,0,929,15,55,18,132,0,4,0,0,0,2,142,13,10,119.57,88,65,224,0,0,0,691,2,30,5,52,0,4,0,0,0,0,163,3,,,,,,,,,,,,,,,,,,,,,
Hunter Henry,1,0,0,0,,,NE,TE,17,196.2,74%,127,121,0,0,0,0,0,0,50,603,9,34,0,0,0,0,141,1,14,167.87,83,139,146,0,0,0,0,0,0,60,613,4,35,0,0,0,0,34,8,12,174.47,97,-,140,0,0,0,0,0,0,55,652,5,36,0,0,1,1,56,15
Mac Jones,0,0,0,1,,,NE,QB,17,246.94,43%,165,75,3801,22,13,129,0,22,0,0,0,0,0,0,2,3,184,1,,,,,,,,,,,,,,,,,,,,,,,,,,,,,,,,,,,,,,,,,,
DeVante Parker,0,1,0,0,,,NE,WR,10,119.33,38%,130,241,0,0,0,0,0,0,40,515,2,29,0,0,0,0,,,14,192.87,59,122,106,0,0,0,0,0,0,63,793,4,45,0,0,0,0,52,20,16,282.13,96,-,37,0,0,0,0,0,0,72,1202,9,58,0,0,0,0,,
Rhamondre Stevenson,0,0,1,0,,,NE,RB,12,146.8,87%,77,201,0,0,0,606,5,33,14,123,0,3,0,0,0,1,,,,,,,,,,,,,,,,,,,,,,,,,,,,,,,,,,,,,,,,,,,,
Mark Ingram II,0,0,1,0,,,NO,RB,14,134.2,18%,192,227,0,0,0,554,2,22,27,162,0,9,0,0,0,1,180,2,11,63.23,7,181,343,0,0,0,299,2,14,6,50,0,2,0,0,0,0,88,14,15,293.26999,97,-,30,0,0,0,1018,10,53,26,247,5,16,0,0,2,2,97,18
Jarvis Landry,0,1,0,0,,,NO,WR,12,151,36%,147,189,0,0,0,40,2,4,52,570,2,29,0,0,0,2,107,6,15,212.96001,81,108,87,74,1,0,10,1,3,72,840,3,46,0,0,0,0,105,13,16,271.57001,92,-,43,0,0,0,10,0,1,83,1174,6,55,53,0,0,0,136,15
Juwan Johnson,1,0,0,0,,,NO,TE,14,67.599998,0%,1871,330,0,0,0,0,0,0,13,159,4,12,0,0,0,0,140,2,,,,,,,,,,,,,,,,,,,,,,,,,,,,,,,,,,,,,,,,,,
Marquez Callaway,0,1,0,0,,,NO,WR,17,172.73,2%,273,155,0,0,0,0,0,0,46,698,6,32,2,0,0,0,179,2,11,66.800003,2,260,331,0,0,0,0,0,0,21,213,0,10,216,0,0,0,,,,,,,,,,,,,,,,,,,,,,,
Tre'Quan Smith,0,1,0,0,,,NO,WR,11,99.129997,1%,281,267,0,0,0,0,0,0,32,377,3,18,0,0,0,0,,,14,118.17,16,175,227,0,0,0,3,0,0,34,448,4,22,0,0,0,0,,,11,90.599998,2,-,278,0,0,0,0,0,0,18,234,5,17,0,0,0,0,,
Alvin Kamara,0,0,1,0,,,NO,RB,13,294.97,99%,21,40,0,0,0,898,4,42,47,439,5,20,29,0,0,0,27,61,15,428,100,4,1,0,0,0,932,16,58,83,756,5,35,44,0,0,0,8,56,14,285.75,100,-,34,13,0,0,797,5,32,81,533,1,28,30,0,0,1,10,62
Taysom Hill,1,0,0,1,,,NO,"QB,TE",12,149.99001,6%,333,194,978,4,5,374,5,26,4,52,0,4,0,0,0,0,,,16,177.35001,18,186,130,928,4,2,457,8,34,8,98,1,4,0,0,0,5,,,16,129.60001,2,-,199,55,0,0,156,1,10,19,234,6,14,12,0,0,0,,
Deonte Harty,0,1,0,0,,,NO,WR,13,213,2%,337,104,0,0,0,41,0,1,36,570,3,23,889,0,0,1,,,,,,,,,,,,,,,,,,,,,,,,,,,,,,,,,,,,,,,,,,,,
Jameis Winston,0,0,0,1,,,NO,QB,7,134.39999,45%,158,226,1170,14,3,166,1,17,0,0,0,0,0,0,0,1,134,7,,,,,,,,,,,,,,,,,,,,29,1,16,321.35999,4,-,13,5109,33,30,250,1,18,0,0,0,0,0,0,4,5,13,25
Adam Trautman,1,0,0,0,,,NO,TE,13,71.529999,2%,283,327,0,0,0,0,0,0,27,263,2,13,0,0,0,1,,,15,43.400002,44,125,387,0,0,0,0,0,0,15,171,1,9,0,0,0,0,,,,,,,,,,,,,,,,,,,,,,,
Andy Dalton,0,0,0,1,,,NO,QB,8,86.199997,1%,1916,293,1515,8,9,76,0,2,0,0,0,0,0,0,2,1,,,11,148,3,329,175,2170,14,8,114,0,11,1,-3,0,0,0,0,0,1,,,13,207.78999,2,-,108,3494,16,14,73,4,12,1,-4,0,0,0,0,2,4,172,6
Saquon Barkley,0,0,1,0,,,NYG,RB,13,183.83,99%,20,136,0,0,0,593,2,27,41,263,2,13,0,0,0,1,32,44,2,17.4,100,7,485,0,0,0,34,0,1,6,60,0,3,0,0,0,0,4,59,13,280.5,100,-,40,0,0,0,1003,6,45,52,438,2,14,0,0,0,0,7,67
Sterling Shepard,0,1,0,0,,,NYG,WR,7,86.5,4%,240,291,0,0,0,-9,0,0,36,366,1,19,0,0,0,0,186,1,12,183.63,31,162,118,0,0,0,49,1,2,66,656,3,37,0,0,1,0,112,5,10,160.60001,55,-,155,0,0,0,72,0,3,57,576,3,29,0,0,1,0,169,3
Daniel Jones,0,0,0,1,,,NYG,QB,11,183.99001,26%,138,135,2428,10,7,298,2,16,1,16,0,1,0,0,3,3,127,6,14,195.02,62,134,104,2943,11,10,423,1,17,0,0,0,0,0,0,1,6,157,18,13,231.98,65,-,79,3027,24,12,279,2,21,0,0,0,0,0,0,2,11,,
Tyrod Taylor,0,0,0,1,,,NYG,QB,6,88.739998,1%,1865,287,966,5,5,151,3,7,0,0,0,0,0,0,0,0,,,,,,,,,,,,,,,,,,,,,,97,7,,,,,,,,,,,,,,,,,,,,,
Devontae Booker,0,0,1,0,,,NYG,RB,16,179.17,0%,338,145,0,0,0,593,2,31,40,268,1,11,0,0,0,0,,,16,100.3,10,196,265,0,0,0,423,3,21,17,84,0,2,4,0,0,0,,,,,,,,,,,,,,,,,,,,,,,
Kadarius Toney,0,1,0,0,,,NYG,WR,10,89.360001,49%,115,286,19,0,0,6,0,0,39,420,0,21,0,0,0,0,,,,,,,,,,,,,,,,,,,,,,,,,,,,,,,,,,,,,,,,,,,,
Matt Breida,0,0,1,0,,,NYG,RB,9,56,1%,286,353,0,0,0,125,1,5,7,72,2,4,27,0,0,1,,,12,54.799999,2,286,361,0,0,0,254,0,11,9,96,0,5,0,0,0,1,100,7,13,128.3,87,-,203,0,0,0,623,1,23,19,120,1,6,0,0,0,1,,
Jordan Akins,1,0,0,0,,,NYG,TE,13,46.57,0%,1895,376,0,0,0,3,0,1,24,214,0,11,0,0,0,2,,,13,93.269997,1,369,280,0,0,0,4,0,1,37,403,1,20,0,0,0,0,,,16,100.87,1,-,258,0,0,0,0,0,0,36,418,2,21,0,0,0,0,,
Kenny Golladay,0,1,0,0,,,NYG,WR,14,98.730003,43%,140,269,0,0,0,0,0,0,37,521,0,27,0,0,0,0,22,12,5,74.529999,93,57,316,0,0,0,0,0,0,20,338,2,16,0,0,0,0,54,22,16,282.32999,100,-,36,0,0,0,0,0,0,65,1190,11,52,0,0,0,1,49,27
Ricky Seals-Jones,0,0,0,0,,,NYG,TE,13,78.07,1%,278,305,0,0,0,0,0,0,30,271,2,14,0,0,0,0,,,,,,,,,,,,,,,,,,,,,,,,14,69.269997,0,-,324,0,0,0,0,0,0,14,229,4,10,0,0,0,1,,
Darius Slayton,1,1,0,0,,,NYG,WR,13,75.300003,1%,1883,309,0,0,0,-13,0,0,26,339,2,14,0,0,0,1,,,16,161.97,16,182,158,0,0,0,-1,0,0,50,751,3,40,0,0,0,1,170,3,14,212.23,81,-,102,0,0,0,0,0,0,48,740,8,32,189,0,0,0,,
C.J. Board,0,1,0,0,,,NYG,WR,6,41.599998,0%,2522,389,0,0,0,6,0,0,4,51,0,3,306,0,0,0,,,,,,,,,,,,,,,,,,,,,,,,,,,,,,,,,,,,,,,,,,,,
Zach Wilson,0,0,0,1,,,NYJ,QB,13,161.86,15%,210,176,2334,9,11,185,4,10,0,0,0,0,0,0,2,1,151,6,,,,,,,,,,,,,,,,,,,,,,,,,,,,,,,,,,,,,,,,,,
Tyler Conklin,1,0,0,0,,,NYJ,TE,17,150.53,2%,329,193,0,0,0,0,0,0,61,593,3,26,0,0,0,0,,,16,50.93,0,1791,372,0,0,0,0,0,0,19,194,1,11,0,0,0,0,,,,,,,,,,,,,,,,,,,,,,,
Tevin Coleman,0,0,1,0,,,NYJ,RB,11,102.57,0%,2319,265,0,0,0,356,0,19,11,49,0,2,317,0,0,0,,,,,,,,,,,,,,,,,,,,,,167,1,14,154.39999,72,-,161,0,0,0,544,6,26,21,180,1,9,0,0,0,0,62,25
Ty Johnson,0,0,1,0,,,NYJ,RB,16,147.3,1%,1844,200,0,0,0,238,2,13,34,372,2,20,57,0,0,1,,,13,86.400002,2,294,291,0,0,0,254,1,11,16,99,1,6,94,0,0,0,,,16,77.370003,0,-,304,0,0,0,273,0,11,24,109,0,4,58,0,0,1,,
C.J. Uzomah,1,0,0,0,,,NYJ,TE,16,145.87,3%,284,205,0,0,0,0,0,0,49,493,5,24,0,0,0,0,,,,,,,,,,,,,,,,,,,,,,,,16,71.129997,1,-,320,0,0,0,0,0,0,27,242,2,12,0,0,0,0,,
Mike White,0,0,0,1,,,NYJ,QB,4,46.02,1%,1907,377,953,5,8,-1,0,2,0,0,0,0,0,0,1,0,,,,,,,,,,,,,,,,,,,,,,,,,,,,,,,,,,,,,,,,,,,,
Elijah Moore,0,1,0,0,,,NYJ,WR,11,157.27,87%,76,183,0,0,0,54,1,3,43,538,5,24,0,0,0,0,187,1,,,,,,,,,,,,,,,,,,,,,,,,,,,,,,,,,,,,,,,,,,
Corey Davis,0,1,0,0,,,NYJ,WR,9,119.8,17%,176,240,0,0,0,0,0,0,34,492,4,23,0,0,0,1,119,3,14,217.60001,74,124,79,0,0,0,0,0,0,65,984,5,49,0,0,0,1,,,15,132.07001,6,-,194,0,0,0,0,0,0,43,601,2,33,0,0,0,0,137,10
Michael Carter,0,0,1,0,,,NYJ,RB,14,188.57001,64%,114,127,0,0,0,639,4,29,36,325,0,16,0,0,0,1,172,1,,,,,,,,,,,,,,,,,,,,,,,,,,,,,,,,,,,,,,,,,,
Braxton Berrios,0,1,0,0,,,NYJ,WR,16,239.03,3%,252,87,0,0,0,40,2,3,46,431,2,22,1053,1,0,1,,,16,135.47,0,1961,194,0,0,0,29,0,1,37,394,3,19,253,0,0,0,,,16,43.470001,0,-,380,0,0,0,0,0,0,6,115,0,3,288,0,0,1,,
Miles Sanders,0,0,1,0,,,Phi,RB,12,150.92999,91%,60,192,0,0,0,754,0,33,26,158,0,6,0,0,1,1,90,14,12,198.83,98,32,100,0,0,0,867,6,39,28,197,0,8,0,0,2,2,28,45,16,282.13,99,-,38,0,0,0,818,3,30,50,509,3,19,314,0,1,1,153,6
Greg Ward,0,1,0,0,,,Phi,WR,17,42.91,0%,1912,385,2,0,0,0,0,0,7,95,3,4,15,0,0,0,,,16,168.53,1,352,143,15,0,0,-4,0,0,53,419,6,24,134,0,1,0,,,7,73.830002,1,-,313,0,0,0,5,0,0,28,254,1,18,24,0,0,0,,
Jalen Reagor,0,1,0,0,,,Phi,WR,17,136.33,1%,302,220,0,0,0,32,0,3,33,299,2,13,482,0,0,0,,,11,104.4,41,167,256,0,0,0,26,0,2,31,396,1,19,94,1,1,0,183,2,,,,,,,,,,,,,,,,,,,,,
Dallas Goedert,1,0,0,0,,,Phi,TE,15,187.33,97%,79,130,0,0,0,0,0,0,56,830,4,42,0,0,1,0,89,3,11,132.92999,97,74,198,0,0,0,0,0,0,46,524,3,28,0,0,0,0,162,1,15,169.07001,67,-,146,0,0,0,0,0,0,58,607,5,33,16,0,0,2,208,1
Jordan Howard,0,0,1,0,,,Phi,RB,7,87.870003,0%,330,288,0,0,0,406,3,24,2,19,0,2,0,0,0,0,,,,,,,,,,,,,,,,,,,,,,127,8,10,130.10001,88,-,197,0,0,0,525,6,28,10,69,1,3,0,0,0,0,165,2
DeVonta Smith,0,1,0,0,,,Phi,WR,17,208.07001,86%,96,109,0,0,0,0,0,0,64,916,5,43,0,0,1,1,161,3,,,,,,,,,,,,,,,,,,,,,,,,,,,,,,,,,,,,,,,,,,
A.J. Brown,0,1,0,0,,,Phi,WR,13,207.92999,99%,34,110,0,0,0,10,0,1,63,869,5,45,0,0,0,0,10,34,14,290.87,100,17,33,0,0,0,0,0,0,70,1075,11,55,42,1,0,1,63,21,16,237.07001,99,-,74,0,0,0,60,1,2,52,1051,8,39,0,0,0,0,,
Jalen Hurts,0,0,0,1,,,Phi,QB,15,368.16,98%,70,12,3144,16,9,784,10,56,0,0,0,0,0,0,3,2,128,12,15,128.03999,96,75,210,1061,6,4,354,3,25,1,3,0,0,0,0,0,2,,,,,,,,,,,,,,,,,,,,,,,
Quez Watkins,0,1,0,0,,,Phi,WR,17,135.23,1%,1855,222,0,0,0,3,0,0,43,647,1,25,138,0,1,0,,,,,,,,,,,,,,,,,,,,,,,,,,,,,,,,,,,,,,,,,,,,
Zach Pascal,0,1,0,0,,,Phi,WR,16,104.1,0%,1867,262,0,0,0,21,0,0,38,384,3,15,14,0,0,1,,,16,157.23,2,305,165,0,0,0,0,0,0,44,629,5,29,23,0,0,0,,,16,181.37,2,-,131,0,0,0,16,0,1,41,607,5,29,263,0,1,0,,
Kenneth Gainwell,0,0,1,0,,,Phi,RB,16,163.67,40%,133,169,0,0,0,291,5,19,33,253,1,14,137,0,1,1,,,,,,,,,,,,,,,,,,,,,,,,,,,,,,,,,,,,,,,,,,,,
Boston Scott,0,0,1,0,,,Phi,RB,16,124.13,2%,200,234,0,0,0,373,7,24,13,83,0,3,13,0,0,1,175,1,16,171.53,5,222,141,0,0,0,374,1,16,25,212,1,8,590,0,0,0,179,1,11,134.3,41,-,189,0,0,0,245,5,17,24,204,0,10,272,0,0,1,,
Pat Freiermuth,1,0,0,0,,,Pit,TE,16,183.13,87%,107,137,0,0,0,0,0,0,60,497,7,34,0,0,1,1,,,,,,,,,,,,,,,,,,,,,,,,,,,,,,,,,,,,,,,,,,,,
Chase Claypool,0,1,0,0,,,Pit,WR,15,183.92999,67%,109,134,0,0,0,96,0,7,59,860,2,35,0,0,0,0,102,9,16,244.8,92,81,57,0,0,0,16,2,4,62,873,9,41,0,0,0,1,,,,,,,,,,,,,,,,,,,,,,,
Najee Harris,0,0,1,0,,,Pit,RB,17,375.13,100%,9,10,0,0,0,1200,7,62,74,467,3,22,0,0,0,0,3,48,,,,,,,,,,,,,,,,,,,,,,,,,,,,,,,,,,,,,,,,,,
Jeremy McNichols,0,0,1,0,,,Pit,RB,14,87.699997,0%,2069,289,0,0,0,156,0,6,28,240,1,11,31,0,0,0,,,16,48.07,0,2344,378,0,0,0,204,1,8,12,55,0,0,0,0,0,0,,,,,,,,,,,,,,,,,,,,,,,
Diontae Johnson,0,1,0,0,,,Pit,WR,16,312.70001,96%,42,30,0,0,0,53,0,2,107,1161,8,59,0,0,1,2,121,7,15,258.23001,94,53,51,0,0,0,15,0,0,88,923,7,45,82,0,0,1,119,6,16,206.23,83,-,111,0,0,0,41,0,2,59,680,5,31,248,1,0,2,,
Gunner Olszewski,0,1,0,0,,,Pit,WR,16,79.470001,0%,2544,303,0,0,0,9,0,0,2,31,0,2,725,0,0,0,,,13,103.83,0,2382,261,0,0,0,23,0,1,5,62,1,3,764,1,0,0,,,,,,,,,,,,,,,,,,,,,,,
Malik Turner,0,1,0,0,,,SF,WR,14,53.93,0%,1868,359,0,0,0,0,0,0,12,149,3,8,0,0,0,0,,,,,,,,,,,,,,,,,,,,,,,,15,49.330002,0,-,362,0,0,0,0,0,0,15,245,1,10,0,0,0,0,,
Tyler Kroft,1,0,0,0,,,SF,TE,9,44.529999,0%,1857,382,0,0,0,0,0,0,16,173,1,9,0,0,0,0,,,10,52.93,0,363,367,0,0,0,0,0,0,12,119,3,9,0,0,0,0,,,,,,,,,,,,,,,,,,,,,,,
Jauan Jennings,0,1,0,0,,,SF,WR,16,97.800003,1%,1873,272,0,0,0,0,0,0,24,282,5,15,0,0,0,0,,,,,,,,,,,,,,,,,,,,,,,,,,,,,,,,,,,,,,,,,,,,
Marcus Johnson,0,1,0,0,,,SF,WR,7,45.369999,0%,2407,380,0,0,0,-2,0,1,9,160,0,7,179,0,0,0,,,11,42,0,1962,388,0,0,0,0,0,0,14,255,0,11,0,0,0,0,,,8,64.870003,0,-,329,0,0,0,0,0,0,17,277,2,12,14,0,0,0,,
Jeff Wilson Jr.,0,0,1,0,,,SF,RB,9,70.470001,2%,225,328,0,0,0,294,2,19,7,31,0,1,0,0,0,0,,,12,168.87,23,190,142,0,0,0,600,7,31,13,133,3,8,0,0,0,2,,,10,49.77,0,-,361,0,0,0,105,4,9,3,34,1,1,0,0,0,0,,
Kyle Juszczyk,0,0,1,0,,,SF,RB,17,84.93,0%,2088,294,0,0,0,22,1,3,30,296,1,16,0,0,0,0,,,16,100.87,0,1960,263,0,0,0,64,2,12,19,202,4,10,0,0,0,0,,,12,56.630001,0,-,345,0,0,0,7,0,1,20,239,1,11,0,0,0,0,,
George Kittle,0,0,0,0,,,SF,TE,14,221.67,100%,51,96,0,0,0,20,0,0,71,910,6,42,0,0,0,1,51,32,8,140.97,100,36,186,0,0,0,17,0,1,48,634,2,32,0,0,0,0,13,42,14,251.39999,100,-,52,0,0,0,22,0,1,85,1053,5,53,0,0,0,0,16,28
JaMycal Hasty,0,0,1,0,,,SF,RB,11,71.769997,0%,2320,325,0,0,0,68,1,6,23,157,0,7,145,0,0,1,,,,,,,,,,,,,,,,,,,,,,,,,,,,,,,,,,,,,,,,,,,,
Eli Mitchell,0,0,1,0,,,SF,RB,11,215.42999,96%,38,102,0,0,0,963,5,47,19,137,1,6,0,0,0,0,,,,,,,,,,,,,,,,,,,,,,,,,,,,,,,,,,,,,,,,,,,,
Brandon Aiyuk,0,1,0,0,,,SF,WR,17,210.57001,86%,86,107,0,0,0,17,0,0,56,826,5,37,208,0,1,1,80,12,12,214.17,93,52,84,0,0,0,77,2,3,60,748,5,43,26,0,0,0,191,1,,,,,,,,,,,,,,,,,,,,,
Ray-Ray McCloud III,0,1,0,0,,,SF,WR,16,189.27,0%,2462,126,0,0,0,15,0,0,39,277,0,18,1143,0,0,1,,,16,128.03,0,2399,209,0,0,0,65,0,1,20,77,0,3,944,0,0,1,,,,,,,,,,,,,,,,,,,,,,,
Deebo Samuel,0,1,0,0,,,SF,WR,16,383.63,100%,22,9,24,1,0,365,8,21,77,1405,6,51,75,0,0,2,110,4,7,89.669998,90,88,287,0,0,0,26,0,1,33,391,1,19,0,0,0,0,143,5,15,199.37,87,-,114,0,0,0,159,3,5,57,802,3,32,0,0,1,1,80,3
Jimmy Garoppolo,0,0,0,1,,,SF,QB,15,242.5,5%,306,85,3810,20,12,51,3,15,0,0,0,0,0,0,1,3,,,6,67.339996,11,301,329,1096,7,5,25,0,3,0,0,0,0,0,0,0,0,152,15,16,258.32001,59,-,49,3978,27,13,62,1,13,0,0,0,0,0,0,2,5,124,10
Trey Lance,0,0,0,1,,,SF,QB,6,72.919998,91%,92,323,603,5,2,168,1,8,0,0,0,0,0,0,1,0,150,3,,,,,,,,,,,,,,,,,,,,,,,,,,,,,,,,,,,,,,,,,,
Freddie Swain,0,1,0,0,,,Sea,WR,17,115.97,0%,1914,248,0,0,0,32,0,2,25,343,4,12,189,0,0,0,,,16,59.299999,0,2326,354,0,0,0,0,0,0,13,159,2,6,137,0,0,0,,,,,,,,,,,,,,,,,,,,,,,
Noah Fant,1,0,0,0,,,Sea,TE,16,173.67,37%,179,153,0,0,0,0,0,0,68,670,4,29,0,0,0,0,131,5,15,166.87,95,85,148,0,0,0,0,0,0,62,673,3,34,0,0,1,0,108,5,16,121.27,83,-,215,0,0,0,-12,0,0,40,562,3,23,0,0,0,1,166,1
Chris Carson,0,0,1,0,,,Sea,RB,4,59.130001,2%,323,344,0,0,0,232,3,11,6,29,0,1,0,0,0,1,57,25,12,233.23,97,37,67,0,0,0,681,5,43,37,287,4,14,0,0,0,0,64,23,15,298.73001,98,-,24,0,0,0,1230,7,75,37,266,2,10,0,0,0,4,78,27
Travis Homer,0,0,1,0,,,Sea,RB,14,73.830002,0%,2318,317,0,0,0,177,1,7,16,161,0,8,44,1,0,0,,,9,66.900002,0,2327,330,0,0,0,88,0,2,9,90,1,4,291,0,0,0,,,16,46.029999,0,-,368,0,0,0,114,0,6,11,56,0,3,109,0,0,0,,
Geno Smith,0,0,0,1,,,Sea,QB,4,57.279999,3%,293,349,702,5,1,42,1,3,0,0,0,0,0,0,0,1,,,,,,,,,,,,,,,,,,,,,,,,,,,,,,,,,,,,,,,,,,,,
DeeJay Dallas,0,0,1,0,,,Sea,RB,17,146.07001,1%,2421,204,0,0,0,138,2,10,21,133,0,4,764,0,0,0,,,12,65.199997,2,320,337,0,0,0,108,2,9,17,111,1,5,0,0,0,0,,,,,,,,,,,,,,,,,,,,,,,
Will Dissly,1,0,0,0,,,Sea,TE,15,55.400002,0%,1892,356,0,0,0,0,0,0,21,231,1,11,0,0,0,0,,,16,69.529999,1,380,325,0,0,0,0,0,0,24,251,2,12,8,0,0,0,,,6,87.169998,7,-,283,0,0,0,7,0,0,23,262,4,14,0,0,0,0,,
Drew Lock,0,0,0,1,,,Sea,QB,6,56.849998,3%,296,350,787,2,2,53,2,5,1,1,0,0,0,0,0,1,,,13,188.32001,5,311,112,2933,16,15,160,3,13,0,0,0,0,0,0,1,3,176,4,5,73,37,-,316,1020,7,3,72,0,5,0,0,0,0,0,0,0,1,,
Tyler Lockett,0,1,0,0,,,Sea,WR,16,259.53,86%,97,63,0,0,0,9,0,0,73,1175,8,41,3,0,1,0,44,20,16,308.17001,96,48,24,0,0,0,0,0,0,100,1054,10,57,9,0,0,0,79,22,16,303.47,97,-,22,0,0,0,-5,0,0,82,1057,8,53,345,0,0,0,96,28
Rashaad Penny,0,0,1,0,,,Sea,RB,10,151.10001,89%,68,190,0,0,0,749,6,28,6,48,0,3,0,0,0,0,,,,,,,,,,,,,,,,,,,,,,,,10,91.93,10,-,274,0,0,0,370,3,16,8,83,1,3,44,0,0,1,179,3
Marquise Goodwin,0,1,0,0,,,Sea,WR,14,60.77,0%,2094,343,0,0,0,-1,0,0,20,313,1,12,0,0,0,0,65,3,,,,,,,,,,,,,,,,,,,,,,9,44.900002,1,-,374,0,0,0,15,0,1,12,186,1,10,0,0,0,0,205,1
DK Metcalf,0,1,0,0,,,Sea,WR,17,284.07001,95%,62,44,0,0,0,6,0,0,75,967,12,48,0,0,0,0,26,41,16,310.87,100,23,23,0,0,0,0,0,0,83,1303,10,63,0,0,0,1,41,24,16,210.10001,97,-,105,0,0,0,11,0,0,58,900,7,39,0,0,1,3,170,1
Le'Veon Bell,0,0,1,0,,,TB,RB,8,51.099998,0%,1902,365,0,0,0,101,2,9,5,30,1,3,0,0,1,0,,,11,95,7,209,277,0,0,0,328,2,22,16,138,0,7,0,0,0,0,55,10,15,251.63,96,-,51,0,0,0,789,3,36,66,461,1,20,0,0,1,1,19,43
Tom Brady,0,0,0,1,,,TB,QB,17,388.73999,98%,75,7,5316,43,12,81,2,14,0,0,0,0,0,0,0,3,50,24,16,337.92001,96,83,17,4633,40,12,6,3,6,0,0,0,0,0,0,0,1,2,21,16,265.67999,96,-,46,4057,24,8,34,3,8,0,0,0,0,0,0,1,1,4,26
Tyler Johnson,0,1,0,0,,,TB,WR,17,75,0%,2070,312,0,0,0,0,0,0,36,360,0,14,10,0,0,0,,,14,48.27,1,1993,377,0,0,0,0,0,0,12,169,2,9,0,0,0,0,,,,,,,,,,,,,,,,,,,,,,,
Russell Gage,0,1,0,0,,,TB,WR,14,182.33,62%,99,138,0,0,0,0,0,0,66,770,4,37,0,0,0,2,191,1,16,213.86,29,195,85,39,1,0,9,0,1,72,786,4,50,0,0,0,0,,,16,110.33,2,-,240,0,0,0,12,0,0,49,446,1,25,-6,0,0,1,,
Chris Godwin,0,1,0,0,,,TB,WR,14,274.63,87%,104,51,0,0,0,21,1,4,98,1103,5,55,0,0,0,2,87,18,12,220,98,31,76,0,0,0,0,0,0,65,840,7,43,0,0,0,0,37,37,14,312.67001,100,-,17,0,0,0,8,0,0,86,1333,9,63,0,0,1,0,82,24
Giovani Bernard,0,0,1,0,,,TB,RB,12,78,1%,1879,306,0,0,0,58,0,3,23,123,3,8,60,0,0,0,,,16,188.07001,13,169,113,0,0,0,416,3,23,47,355,3,15,38,0,0,1,,,16,79,6,-,301,0,0,0,170,0,10,30,234,0,7,14,0,0,1,,
Jaelon Darden,0,1,0,0,,,TB,WR,9,62.07,0%,2516,341,0,0,0,11,0,1,6,43,0,1,501,0,0,0,,,,,,,,,,,,,,,,,,,,,,,,,,,,,,,,,,,,,,,,,,,,
Cyril Grayson Jr.,0,1,0,0,,,TB,WR,5,51.23,0%,2233,363,0,0,0,14,0,1,10,212,2,8,7,0,0,0,,,,,,,,,,,,,,,,,,,,,,,,,,,,,,,,,,,,,,,,,,,,
Antonio Brown,0,1,0,0,,,TB,WR,7,139.92999,1%,320,214,0,0,0,6,0,0,42,545,4,29,0,0,0,0,106,9,8,136.2,78,112,193,0,0,0,-2,0,0,45,483,4,27,2,0,0,0,,,,,,,,,,,,,,,,,,,,,,3,40
Julio Jones,0,1,0,0,,,TB,WR,10,86.93,46%,161,290,0,0,0,0,0,0,31,434,1,19,0,0,0,0,36,21,9,162.39999,98,42,157,0,0,0,0,0,0,51,771,3,36,0,0,0,0,21,45,15,316.63,100,-,14,0,0,0,-3,0,0,99,1394,6,77,0,0,0,0,30,52
Ke'Shawn Vaughn,0,0,1,0,,,TB,RB,12,47.23,1%,1888,373,0,0,0,180,2,9,4,26,0,1,15,0,0,0,,,,,,,,,,,,,,,,,,,,,,,,,,,,,,,,,,,,,,,,,,,,
Rob Gronkowski,1,0,0,0,,,TB,TE,12,190.47,16%,321,125,0,0,0,0,0,0,55,802,6,34,0,0,0,0,112,3,16,171.53,85,158,140,0,0,0,0,0,0,45,623,7,29,0,0,0,0,10,9,,,,,,,,,,,,,,,,,,,,200,1
Cameron Brate,1,0,0,0,,,TB,TE,17,93.330002,8%,216,279,0,0,0,0,0,0,30,245,4,15,0,0,0,0,,,16,79.800003,1,1780,304,0,0,0,0,0,0,28,282,2,17,0,0,0,0,,,16,109.73,1,-,241,0,0,0,0,0,0,36,311,4,21,0,0,0,0,,
Mike Evans,0,1,0,0,,,TB,WR,16,313,100%,15,29,0,0,0,10,0,1,74,1035,14,56,0,0,0,0,53,23,16,296.07001,99,34,31,0,0,0,0,0,0,70,1006,13,55,0,0,0,0,35,28,13,264.13,100,-,47,0,0,0,0,0,0,67,1157,8,54,0,0,1,0,46,39
Leonard Fournette,0,0,1,0,,,TB,RB,14,319.47,100%,18,27,0,0,0,812,8,45,69,454,2,30,0,0,0,0,139,4,13,142.23,90,69,185,0,0,0,367,6,21,36,233,0,9,0,0,0,0,68,20,15,314,97,-,15,0,0,0,1152,3,55,76,522,0,23,0,0,0,1,38,32
Nick Westbrook-Ikhine,0,1,0,0,,,Ten,WR,16,122.73,2%,1882,235,0,0,0,0,0,0,38,476,4,23,0,0,0,1,,,,,,,,,,,,,,,,,,,,,,,,,,,,,,,,,,,,,,,,,,,,
Austin Hooper,1,0,0,0,,,Ten,TE,16,105,23%,151,259,0,0,0,0,0,0,38,345,3,18,0,0,1,0,185,1,13,134,70,129,197,0,0,0,0,0,0,46,435,4,27,0,0,0,0,126,6,13,218.47,88,-,95,0,0,0,0,0,0,75,787,6,41,0,0,1,0,132,9
Robert Woods,0,1,0,0,,,Ten,WR,9,161.67,69%,112,177,0,0,0,46,1,1,45,556,4,34,0,0,1,0,39,27,16,276.89999,96,39,39,0,0,0,155,2,9,90,936,6,46,0,0,0,1,78,14,15,256.10001,95,-,50,0,0,0,115,1,5,90,1134,2,54,0,0,0,0,33,27
Ryan Tannehill,0,0,0,1,,,Ten,QB,17,301.35999,24%,173,38,3734,21,14,270,7,33,0,0,0,0,0,0,1,4,20,37,16,352.35999,95,87,15,3819,33,7,266,7,22,1,0,0,0,0,0,3,1,123,18,12,230.17999,63,-,83,2742,22,6,185,4,14,0,0,0,0,0,0,1,3,,
Dontrell Hilliard,0,0,1,0,,,Ten,RB,8,109.5,2%,188,255,0,0,0,350,2,15,19,87,0,7,177,0,0,1,,,,,,,,,,,,,,,,,,,,,,,,14,90.830002,0,-,277,0,0,0,49,2,3,12,92,0,4,528,0,0,0,,
Derrick Henry,0,0,1,0,,,Ten,RB,8,244.17,100%,7,78,5,1,0,937,10,49,18,154,0,7,0,0,1,0,18,58,16,397.29999,100,3,6,0,0,0,2027,17,98,19,114,0,4,0,0,1,2,25,55,15,336.73001,100,-,11,0,0,0,1540,16,73,18,206,2,4,0,0,0,3,17,17
Geoff Swaim,1,0,0,0,,,Ten,TE,16,81,0%,1885,300,0,0,0,0,0,0,31,210,3,12,0,0,0,0,,,,,,,,,,,,,,,,,,,,,,,,,,,,,,,,,,,,,,,,,,,,
Terry McLaurin,0,1,0,0,,,Was,WR,17,236.39999,98%,36,88,0,0,0,12,0,1,77,1053,5,47,0,0,0,0,88,28,15,247.53,99,24,54,0,0,0,30,0,2,87,1118,4,51,0,0,0,1,91,11,14,218.27,96,-,96,0,0,0,0,0,0,58,919,7,43,0,0,0,0,,
Logan Thomas,1,0,0,0,,,Was,TE,6,63.07,16%,285,339,0,0,0,0,0,0,18,196,3,10,0,0,0,1,73,8,16,204.28999,90,94,95,28,0,0,5,0,2,72,670,6,36,0,0,0,0,,,16,45.529999,0,-,372,0,0,0,0,0,0,16,173,1,10,0,0,0,0,,
John Bates,1,0,0,0,,,Was,TE,17,55.599998,0%,1877,354,0,0,0,0,0,0,20,249,1,11,0,0,0,0,,,,,,,,,,,,,,,,,,,,,,,,,,,,,,,,,,,,,,,,,,,,
Carson Wentz,0,0,0,1,,,Was,QB,17,279.01999,15%,189,48,3563,27,7,215,1,21,0,0,0,0,0,0,2,5,74,15,12,213.39999,58,137,86,2620,16,15,276,5,25,0,0,0,0,0,0,5,4,51,20,16,294.85999,95,-,27,4039,27,7,243,1,21,0,0,0,0,0,0,2,7,76,26
Cam Sims,0,1,0,0,,,Was,WR,14,56.77,0%,2050,351,0,0,0,7,0,0,15,211,2,11,0,0,0,0,,,16,90.300003,1,1797,284,0,0,0,5,0,0,32,477,1,18,0,0,0,0,,,,,,,,,,,,,,,,,,,,,,,
Antonio Gibson,0,0,1,0,,,Was,RB,16,302.29999,96%,43,36,0,0,0,1037,7,65,42,294,3,12,0,0,1,4,59,34,14,220.97,99,13,75,0,0,0,795,11,40,36,247,0,9,0,0,0,2,165,2,,,,,,,,,,,,,,,,,,,,,
Taylor Heinicke,0,0,0,1,,,Was,QB,16,242.92999,1%,1851,84,3419,20,15,313,1,20,1,-2,0,0,0,0,1,2,,,,,,,,,,,,,,,,,,,,,,,,,,,,,,,,,,,,,,,,,,,,
J.D. McKissic,0,0,1,0,,,Was,RB,11,147.67,32%,144,199,0,0,0,212,2,14,43,397,2,15,0,0,0,0,,,16,230.77,40,135,70,0,0,0,365,1,25,80,589,2,32,0,0,0,1,,,16,94.730003,0,-,267,0,0,0,205,0,8,34,233,1,7,17,0,0,0,,
Jaret Patterson,0,0,1,0,,,Was,RB,17,73.470001,0%,2403,319,0,0,0,266,2,15,10,73,0,5,0,0,0,0,,,,,,,,,,,,,,,,,,,,,,,,,,,,,,,,,,,,,,,,,,,,