TE,WR,RB,QB,gp_21,points21,projected22,actual21,passyd_21,passtds21,int21,runyds21,runtds21,run1st21,rec21,recyds21,rectds21,pass1st21,returnyds21,returntds21,twopoint21,fumble21,points20,project21,actual20,passyds20,passtd20,passint20,rushyds20,rushtd20,rush1st20,recepts20,recyds20,rectd20,rec1st20,fumble20,points19,actual19,passyds19,passtd19,passint19,rushyds19,rushtd19,rush1st19,recepts19,recyds19,rectd19,rec1st19,pt19,fumble19
0.0,0.0,1.0,0.0,17.0,243.92999,177.0,79.0,0.0,0.0,0.0,558.0,6.0,40.0,47.0,452.0,2.0,19.0,0.0,0.0,0.0,0.0,68.629997,166.0,327.0,0.0,0.0,0.0,169.0,1.0,14.0,18.0,116.0,0.0,6.0,0.0,77.230003,305.0,0.0,0.0,0.0,141.0,3.0,12.0,15.0,167.0,1.0,7.0,0.0,1.0
0.0,1.0,0.0,0.0,10.0,176.13,116.0,148.0,0.0,0.0,0.0,0.0,0.0,0.0,42.0,572.0,8.0,32.0,0.0,0.0,0.0,0.0,327.89999,21.0,18.0,0.0,0.0,0.0,1.0,0.0,0.0,115.0,1407.0,6.0,75.0,2.0,313.70999,16.0,6.0,1.0,1.0,18.0,0.0,2.0,104.0,1165.0,7.0,68.0,1.0,0.0
0.0,1.0,0.0,0.0,16.0,171.53,255.0,158.0,0.0,0.0,0.0,0.0,0.0,0.0,54.0,848.0,3.0,37.0,0.0,0.0,0.0,0.0,131.87,248.0,200.0,0.0,0.0,0.0,0.0,0.0,0.0,47.0,523.0,2.0,34.0,0.0,172.470003,152.9,3.8,0.0,0.0,11.5,0.0,0.6,50.2,643.6,4.8,30.2,0.3,0.7
0.0,0.0,0.0,1.0,8.0,47.299999,2642.0,372.0,740.0,3.0,1.0,37.0,0.0,6.0,0.0,0.0,0.0,0.0,0.0,0.0,0.0,1.0,73.8710011,1520.0,320.1,0.0,0.0,0.0,120.6,1.0,7.0,16.7,187.5,1.3,8.1,0.0,114.6369994,239.5,2.0,0.0,0.0,283.1,2.3,13.7,24.8,216.7,1.2,11.0,0.0,0.4
0.0,1.0,0.0,0.0,14.0,162.8,157.0,172.0,0.0,0.0,0.0,76.0,0.0,2.0,54.0,435.0,1.0,18.0,462.0,0.0,0.0,1.0,145.927999,497.9,194.1,1.2,0.1,0.0,144.6,1.5,9.2,35.4,384.3,2.2,18.6,0.5,145.5860013,195.4,2.0,0.0,0.0,112.0,1.0,7.1,39.2,461.5,2.2,21.3,0.1,0.5
0.0,1.0,0.0,0.0,15.0,65.870003,1852.0,334.0,0.0,0.0,0.0,0.0,0.0,0.0,19.0,208.0,3.0,9.0,0.0,0.0,0.0,0.0,87.4699991,889.6,293.6,0.0,0.0,0.0,1.9,0.0,0.2,28.5,333.3,2.4,17.6,0.3,106.29599999999998,257.3,0.0,0.0,0.0,17.7,0.0,1.0,31.1,400.6,3.1,18.3,0.2,0.2
1.0,0.0,0.0,0.0,17.0,205.27,94.0,113.0,0.0,0.0,0.0,4.0,0.0,0.0,74.0,763.0,5.0,40.0,0.0,0.0,0.0,0.0,84.330002,202.0,295.0,0.0,0.0,0.0,0.0,0.0,0.0,36.0,335.0,1.0,16.0,0.0,247.07001,64.0,0.0,0.0,0.0,0.0,0.0,0.0,88.0,916.0,6.0,50.0,1.0,1.0
0.0,0.0,0.0,1.0,14.0,325.25,71.0,23.0,3787.0,24.0,10.0,423.0,5.0,25.0,0.0,7.0,0.0,0.0,0.0,0.0,0.0,0.0,408.73999,56.0,4.0,3971.0,26.0,12.0,819.0,11.0,52.0,0.0,0.0,0.0,0.0,4.0,304.28,21.0,3722.0,20.0,12.0,544.0,4.0,27.0,0.0,0.0,0.0,0.0,3.0,2.0
0.0,1.0,0.0,0.0,16.0,246.7,64.0,74.0,0.0,0.0,0.0,5.0,0.0,1.0,91.0,1008.0,6.0,41.0,0.0,0.0,0.0,1.0,211.37,105.0,90.0,0.0,0.0,0.0,1.0,0.0,0.0,58.0,769.0,8.0,35.0,0.0,164.92999,150.0,0.0,0.0,0.0,0.0,0.0,0.0,46.0,584.0,7.0,24.0,0.0,0.0
0.0,0.0,1.0,0.0,9.0,50.799999,184.0,366.0,0.0,0.0,0.0,118.0,1.0,4.0,6.0,42.0,0.0,4.0,162.0,0.0,0.0,0.0,144.9140009,358.9,196.2,2.8,0.0,0.0,266.2,2.1,13.8,31.0,303.9,3.3,16.4,0.3,119.5600009,245.0,0.0,0.0,0.0,301.8,2.1,14.9,24.1,219.0,1.5,11.1,0.0,0.5
0.0,0.0,0.0,0.0,17.0,44.0,2053.0,384.0,0.0,0.0,0.0,0.0,0.0,0.0,16.0,165.0,1.0,9.0,0.0,0.0,0.0,0.0,86.6730001,982.7,295.4,1.5,0.0,0.0,59.2,0.6,3.9,24.0,248.6,2.5,12.0,0.0,93.4360005,275.0,2.0,0.0,0.0,57.7,0.5,2.5,28.3,335.2,2.0,16.6,0.0,0.2
0.0,0.0,1.0,0.0,15.0,322.20001,33.0,26.0,0.0,0.0,0.0,752.0,15.0,53.0,37.0,375.0,3.0,18.0,0.0,0.0,0.0,0.0,197.42999,100.0,103.0,0.0,0.0,0.0,721.0,6.0,42.0,35.0,215.0,0.0,10.0,0.0,175.13,138.0,0.0,0.0,0.0,464.0,4.0,26.0,34.0,251.0,3.0,14.0,0.0,1.0
1.0,0.0,0.0,0.0,5.0,45.869999,328.0,379.0,0.0,0.0,0.0,0.0,0.0,0.0,16.0,193.0,1.0,9.0,0.0,0.0,0.0,0.0,126.79100130000002,506.7,225.3,2.8,0.0,0.0,33.2,0.5,1.8,39.0,421.0,3.5,22.3,0.1,47.470001,364.0,0.0,0.0,0.0,0.0,0.0,0.0,15.0,202.0,1.0,11.0,0.0,0.0
0.0,0.0,1.0,0.0,16.0,324.73001,88.0,24.0,0.0,0.0,0.0,618.0,6.0,29.0,52.0,548.0,5.0,26.0,434.0,0.0,0.0,0.0,181.7,2269.0,120.0,0.0,0.0,0.0,232.0,1.0,12.0,21.0,132.0,0.0,7.0,0.0,120.33,216.0,0.0,0.0,0.0,103.0,0.0,4.0,11.0,83.0,0.0,3.0,0.0,0.0
0.0,1.0,0.0,0.0,17.0,112.97,1884.0,252.0,0.0,0.0,0.0,2.0,0.0,1.0,31.0,406.0,3.0,22.0,77.0,0.0,0.0,0.0,62.27,1959.0,346.0,0.0,0.0,0.0,0.0,0.0,0.0,20.0,274.0,1.0,16.0,0.0,95.1690007,272.4,2.0,0.0,0.0,14.1,0.3,0.8,26.8,339.6,2.3,16.8,0.2,0.1
0.0,0.0,1.0,0.0,12.0,73.269997,2059.0,320.0,0.0,0.0,0.0,164.0,2.0,11.0,16.0,103.0,1.0,3.0,0.0,0.0,0.0,0.0,81.7140006,1094.5,308.3,0.0,0.0,0.0,94.4,0.7,4.9,20.7,233.9,2.2,10.7,0.3,160.0,156.0,0.0,0.0,0.0,498.0,5.0,22.0,30.0,213.0,2.0,10.0,0.0,1.0
1.0,0.0,0.0,0.0,17.0,187.39999,40.0,129.0,0.0,0.0,0.0,0.0,0.0,0.0,68.0,1026.0,1.0,43.0,0.0,0.0,0.0,0.0,208.13400099999998,82.2,105.8,0.0,0.0,0.0,12.5,0.0,0.7,63.8,847.7,5.4,41.2,0.3,215.80400100000003,98.3,0.0,0.0,0.0,24.8,0.1,1.0,61.1,929.0,5.8,41.9,0.4,0.3
0.0,1.0,0.0,0.0,16.0,122.07,274.0,236.0,0.0,0.0,0.0,0.0,0.0,0.0,34.0,571.0,3.0,26.0,0.0,0.0,0.0,0.0,153.73400420000002,327.1,176.1,6.1,0.1,0.0,18.7,0.1,1.0,42.9,570.9,4.6,27.6,0.2,171.9330008,163.1,5.5,0.1,0.0,3.4,0.0,0.3,54.6,714.5,4.3,33.5,0.2,0.2
0.0,1.0,0.0,0.0,17.0,73.93,1875.0,315.0,0.0,0.0,0.0,0.0,0.0,0.0,26.0,329.0,1.0,18.0,0.0,0.0,1.0,1.0,126.77,1781.0,214.0,0.0,0.0,0.0,15.0,0.0,1.0,47.0,604.0,1.0,29.0,0.0,83.830002,293.0,0.0,0.0,0.0,0.0,0.0,0.0,32.0,359.0,1.0,16.0,0.0,1.0
0.0,1.0,0.0,0.0,5.0,81.730003,322.0,298.0,0.0,0.0,0.0,0.0,0.0,0.0,31.0,281.0,2.0,16.0,0.0,0.0,0.0,0.0,319.70001,14.0,22.0,0.0,0.0,0.0,1.0,0.0,1.0,90.0,1374.0,9.0,65.0,1.0,231.13,81.0,0.0,0.0,0.0,34.0,0.0,2.0,63.0,866.0,7.0,47.0,1.0,0.0
1.0,0.0,0.0,0.0,15.0,86.400002,1849.0,292.0,0.0,0.0,0.0,0.0,0.0,0.0,34.0,291.0,2.0,15.0,0.0,0.0,0.0,1.0,98.800003,142.0,270.0,0.0,0.0,0.0,0.0,0.0,0.0,39.0,387.0,1.0,26.0,0.0,44.599998,375.0,0.0,0.0,0.0,0.0,0.0,0.0,14.0,204.0,1.0,9.0,0.0,0.0
0.0,1.0,0.0,0.0,16.0,196.73,2047.0,120.0,0.0,0.0,0.0,50.0,0.0,3.0,33.0,272.0,2.0,14.0,1036.0,0.0,0.0,0.0,117.8,2286.0,228.0,0.0,0.0,0.0,70.0,0.0,3.0,20.0,201.0,0.0,8.0,0.0,86.6759996,287.0,0.0,0.0,0.0,78.8,0.6,3.7,16.3,200.2,1.3,9.1,0.0,0.3
0.0,0.0,1.0,0.0,17.0,164.57001,212.0,168.0,0.0,0.0,0.0,503.0,3.0,21.0,44.0,259.0,1.0,12.0,0.0,0.0,0.0,3.0,241.07001,60.0,60.0,0.0,0.0,0.0,642.0,6.0,38.0,59.0,373.0,2.0,17.0,1.0,157.6570013,177.7,0.0,0.0,0.0,443.4,2.8,21.2,29.9,241.0,2.0,11.0,0.1,0.5
0.0,0.0,0.0,1.0,12.0,287.98001,48.0,43.0,2882.0,16.0,13.0,767.0,2.0,48.0,0.0,0.0,0.0,0.0,0.0,0.0,2.0,3.0,374.78,46.0,12.0,2757.0,26.0,9.0,1005.0,7.0,56.0,0.0,0.0,0.0,0.0,4.0,472.67999,2.0,3127.0,36.0,6.0,1206.0,7.0,71.0,0.0,0.0,0.0,0.0,0.0,2.0
0.0,0.0,0.0,1.0,7.0,104.64,2068.0,261.0,1081.0,3.0,4.0,294.0,2.0,22.0,0.0,0.0,0.0,0.0,0.0,0.0,0.0,3.0,106.5170018,818.8,257.4,218.5,1.4,0.8,209.6,1.3,11.9,21.6,185.8,1.1,8.1,0.2,121.72799909999999,238.7,351.4,1.6,1.4,296.4,1.8,15.1,24.3,187.4,0.6,9.2,0.3,0.9
0.0,0.0,1.0,0.0,16.0,182.27,331.0,139.0,0.0,0.0,0.0,576.0,5.0,31.0,34.0,190.0,1.0,9.0,0.0,0.0,0.0,0.0,164.346002,316.5,161.5,0.0,0.0,0.0,586.2,3.8,31.5,26.8,198.7,1.0,7.7,0.5,235.92999,76.0,0.0,0.0,0.0,656.0,2.0,31.0,59.0,410.0,4.0,17.0,0.0,2.0
1.0,0.0,0.0,0.0,17.0,348.73001,24.0,15.0,0.0,0.0,0.0,0.0,0.0,0.0,107.0,1361.0,9.0,75.0,0.0,0.0,2.0,0.0,197.73,61.0,102.0,0.0,0.0,0.0,0.0,0.0,0.0,58.0,701.0,7.0,37.0,0.0,242.8,67.0,0.0,0.0,0.0,0.0,0.0,0.0,64.0,852.0,10.0,44.0,0.0,1.0
0.0,0.0,1.0,0.0,14.0,139.10001,336.0,215.0,0.0,0.0,0.0,501.0,6.0,36.0,10.0,75.0,0.0,2.0,0.0,0.0,0.0,0.0,168.33,115.0,145.0,0.0,0.0,0.0,656.0,4.0,36.0,23.0,176.0,1.0,8.0,0.0,188.37,123.0,0.0,0.0,0.0,637.0,5.0,38.0,34.0,235.0,1.0,9.0,0.0,0.0
0.0,1.0,0.0,0.0,14.0,41.669998,2306.0,388.0,0.0,0.0,0.0,0.0,0.0,0.0,16.0,202.0,0.0,10.0,22.0,0.0,0.0,0.0,73.87100110000002,1520.0,320.1,0.0,0.0,0.0,120.6,1.0,7.0,16.7,187.5,1.3,8.1,0.0,88.2700007,285.0,2.0,0.0,0.0,74.1,0.6,3.6,26.3,289.2,1.4,14.1,0.0,0.2
0.0,1.0,0.0,0.0,12.0,117.33,67.0,244.0,0.0,0.0,0.0,0.0,0.0,0.0,46.0,515.0,1.0,29.0,0.0,0.0,0.0,0.0,167.410001,285.9,170.9,0.0,0.0,0.0,17.3,0.3,1.1,52.0,683.7,3.9,35.0,0.3,191.64700299999998,142.1,0.0,0.0,0.0,15.7,0.1,0.7,58.1,815.2,4.6,39.4,0.0,0.1
0.0,0.0,1.0,0.0,13.0,134.63,339.0,225.0,0.0,0.0,0.0,345.0,4.0,22.0,23.0,197.0,1.0,12.0,0.0,0.0,0.0,1.0,127.43,98.0,212.0,0.0,0.0,0.0,481.0,4.0,30.0,14.0,95.0,1.0,5.0,0.0,154.720999,186.4,0.0,0.0,0.0,501.0,4.5,25.5,24.0,184.8,1.2,8.2,0.2,0.7
0.0,1.0,0.0,0.0,16.0,172.2,326.0,156.0,0.0,0.0,0.0,0.0,0.0,0.0,82.0,693.0,1.0,34.0,0.0,0.0,1.0,0.0,236.27,146.0,63.0,20.0,1.0,0.0,0.0,0.0,0.0,82.0,967.0,4.0,53.0,0.0,207.87,106.0,0.0,0.0,0.0,0.0,0.0,0.0,67.0,778.0,6.0,37.0,2.0,0.0
0.0,1.0,0.0,0.0,17.0,330.67001,10.0,20.0,0.0,0.0,0.0,0.0,0.0,0.0,103.0,1225.0,10.0,66.0,0.0,0.0,0.0,0.0,366.42999,10.0,14.0,0.0,0.0,0.0,1.0,0.0,0.0,127.0,1535.0,8.0,73.0,0.0,230.42999,82.0,0.0,0.0,0.0,61.0,0.0,3.0,63.0,1130.0,6.0,41.0,0.0,3.0
1.0,0.0,0.0,0.0,15.0,193.53,89.0,123.0,0.0,0.0,0.0,4.0,0.0,0.0,49.0,587.0,9.0,31.0,0.0,0.0,1.0,0.0,77.199997,227.0,309.0,0.0,0.0,0.0,0.0,0.0,0.0,24.0,288.0,3.0,14.0,2.0,86.769997,285.0,0.0,0.0,0.0,9.0,0.0,1.0,28.0,388.0,2.0,15.0,0.0,0.0
0.0,1.0,0.0,0.0,15.0,138.67,198.0,216.0,0.0,0.0,0.0,47.0,1.0,4.0,20.0,178.0,1.0,13.0,731.0,0.0,0.0,1.0,128.78,1790.0,206.0,12.0,1.0,0.0,9.0,0.0,2.0,30.0,282.0,5.0,17.0,0.0,79.730003,300.0,0.0,0.0,0.0,49.0,0.0,4.0,27.0,254.0,1.0,12.0,0.0,0.0
0.0,0.0,0.0,1.0,17.0,456.57999,32.0,3.0,4407.0,36.0,15.0,763.0,6.0,54.0,0.0,0.0,0.0,0.0,0.0,0.0,3.0,3.0,420.66,41.0,3.0,4544.0,37.0,10.0,421.0,8.0,38.0,1.0,12.0,1.0,1.0,6.0,312.56,18.0,3089.0,20.0,9.0,510.0,9.0,42.0,0.0,0.0,0.0,0.0,3.0,4.0
0.0,0.0,1.0,0.0,5.0,78.730003,324.0,304.0,0.0,0.0,0.0,330.0,3.0,18.0,4.0,41.0,0.0,3.0,0.0,0.0,0.0,0.0,95.099998,281.0,276.0,0.0,0.0,0.0,235.0,1.0,11.0,28.0,249.0,1.0,8.0,2.0,177.33,136.0,0.0,0.0,0.0,410.0,2.0,17.0,44.0,410.0,3.0,18.0,0.0,1.0
0.0,1.0,0.0,0.0,16.0,148.60001,61.0,198.0,0.0,0.0,0.0,0.0,0.0,0.0,35.0,549.0,6.0,29.0,0.0,0.0,0.0,0.0,157.92999,235.0,164.0,0.0,0.0,0.0,0.0,0.0,0.0,35.0,599.0,7.0,27.0,0.0,148.955999,187.1,3.5,0.1,0.0,2.5,0.0,0.1,47.6,619.0,3.7,29.6,0.2,0.2
0.0,1.0,0.0,0.0,12.0,121.8,259.0,238.0,0.0,0.0,0.0,0.0,0.0,0.0,51.0,447.0,2.0,23.0,0.0,0.0,2.0,1.0,194.52,153.0,105.0,43.0,1.0,0.0,14.0,0.0,1.0,59.0,699.0,6.0,32.0,0.0,222.92999,90.0,0.0,0.0,0.0,4.0,0.0,0.0,78.0,833.0,6.0,41.0,0.0,0.0
0.0,1.0,0.0,0.0,14.0,151.83,262.0,188.0,0.0,0.0,0.0,31.0,0.0,2.0,42.0,626.0,4.0,31.0,0.0,0.0,0.0,0.0,184.60001,225.0,115.0,0.0,0.0,0.0,12.0,0.0,1.0,61.0,726.0,5.0,33.0,0.0,212.33,101.0,35.0,1.0,0.0,0.0,0.0,0.0,66.0,869.0,5.0,41.0,1.0,0.0
0.0,1.0,0.0,0.0,13.0,58.599998,2411.0,345.0,0.0,0.0,0.0,21.0,0.0,1.0,24.0,213.0,1.0,11.0,3.0,0.0,0.0,1.0,76.3840007,1549.9,316.6,1.5,0.0,0.0,84.6,0.6,5.0,19.8,206.0,1.6,9.4,0.0,59.900002,341.0,0.0,0.0,0.0,47.0,1.0,2.0,13.0,177.0,1.0,8.0,0.0,0.0
0.0,0.0,1.0,0.0,17.0,247.2,58.0,73.0,0.0,0.0,0.0,870.0,7.0,44.0,40.0,228.0,1.0,11.0,0.0,0.0,0.0,0.0,178.63,110.0,127.0,0.0,0.0,0.0,687.0,2.0,40.0,38.0,269.0,0.0,8.0,1.0,183.42999,126.0,0.0,0.0,0.0,775.0,2.0,37.0,29.0,194.0,2.0,5.0,0.0,1.0
0.0,0.0,0.0,1.0,14.0,192.53,230.0,124.0,3010.0,17.0,13.0,134.0,1.0,12.0,0.0,11.0,0.0,0.0,0.0,0.0,2.0,3.0,265.42001,128.0,47.0,3563.0,26.0,8.0,165.0,1.0,18.0,1.0,6.0,0.0,1.0,4.0,238.17999,71.0,3827.0,22.0,21.0,141.0,3.0,15.0,0.0,0.0,0.0,0.0,1.0,2.0
0.0,0.0,0.0,1.0,12.0,178.28,318.0,146.0,2527.0,9.0,13.0,222.0,5.0,21.0,0.0,0.0,0.0,0.0,0.0,0.0,1.0,4.0,143.02,197.0,182.0,2208.0,9.0,11.0,217.0,2.0,13.0,0.0,0.0,0.0,0.0,2.0,191.16,119.0,3024.0,19.0,13.0,62.0,2.0,6.0,0.0,0.0,0.0,0.0,3.0,3.0
0.0,1.0,0.0,0.0,13.0,52.669998,2420.0,360.0,0.0,0.0,0.0,0.0,0.0,0.0,18.0,250.0,1.0,10.0,0.0,0.0,0.0,0.0,73.87100109999999,1520.0,320.1,0.0,0.0,0.0,120.6,1.0,7.0,16.7,187.5,1.3,8.1,0.0,88.2700007,285.0,2.0,0.0,0.0,74.1,0.6,3.6,26.3,289.2,1.4,14.1,0.0,0.2
0.0,1.0,0.0,0.0,17.0,273.13,29.0,52.0,0.0,0.0,0.0,48.0,0.0,4.0,93.0,1157.0,4.0,60.0,22.0,0.0,1.0,1.0,233.73,45.0,66.0,0.0,0.0,0.0,22.0,0.0,1.0,66.0,1193.0,4.0,53.0,0.0,269.42999,44.0,0.0,0.0,0.0,40.0,0.0,3.0,87.0,1175.0,4.0,63.0,0.0,1.0
0.0,0.0,1.0,0.0,7.0,159.07001,4.0,181.0,0.0,0.0,0.0,442.0,1.0,20.0,37.0,343.0,1.0,21.0,0.0,0.0,0.0,0.0,99.43,1.0,268.0,0.0,0.0,0.0,225.0,5.0,14.0,17.0,149.0,1.0,8.0,0.0,530.70001,1.0,0.0,0.0,0.0,1387.0,15.0,57.0,116.0,1005.0,4.0,58.0,1.0,0.0
0.0,1.0,0.0,0.0,16.0,117.13,2551.0,245.0,0.0,0.0,0.0,19.0,0.0,0.0,1.0,35.0,0.0,1.0,1109.0,1.0,0.0,2.0,128.67,2429.0,207.0,0.0,0.0,0.0,-3.0,0.0,0.0,4.0,34.0,0.0,2.0,2.0,94.730003,268.0,0.0,0.0,0.0,7.0,0.0,0.0,3.0,20.0,0.0,1.0,0.0,0.0
0.0,0.0,1.0,0.0,17.0,179.89999,340.0,144.0,0.0,0.0,0.0,612.0,5.0,36.0,25.0,174.0,1.0,8.0,21.0,0.0,0.0,1.0,138.92900100000003,357.5,202.4,0.0,0.0,0.0,460.7,3.0,25.4,23.4,179.7,1.1,7.6,0.3,165.49799909999996,166.0,0.0,0.0,0.0,552.0,4.4,29.4,25.3,197.8,1.7,9.6,0.2,0.8
1.0,0.0,0.0,0.0,16.0,62.200001,290.0,340.0,0.0,0.0,0.0,11.0,1.0,1.0,20.0,180.0,1.0,10.0,21.0,0.0,1.0,0.0,146.03400030000003,501.7,205.3,2.8,0.0,0.0,32.9,0.6,2.0,43.3,483.6,4.3,25.9,0.1,99.4369995,270.1,0.0,0.0,0.0,73.5,0.1,2.7,28.0,328.9,2.8,16.7,0.1,0.2
0.0,1.0,0.0,0.0,15.0,66.330002,1887.0,332.0,0.0,0.0,0.0,0.0,0.0,0.0,24.0,275.0,1.0,16.0,0.0,0.0,0.0,0.0,134.92999,257.0,195.0,0.0,0.0,0.0,0.0,0.0,0.0,37.0,599.0,4.0,26.0,0.0,107.21600039999998,256.2,2.0,0.0,0.0,8.1,0.0,0.3,31.5,406.0,2.8,20.1,0.2,0.1
0.0,0.0,1.0,0.0,9.0,117.8,154.0,243.0,0.0,0.0,0.0,566.0,3.0,22.0,9.0,123.0,0.0,6.0,0.0,0.0,0.0,1.0,163.49900199999996,344.7,170.9,0.0,0.0,0.0,559.8,3.6,29.7,26.2,193.2,1.5,8.7,0.3,168.01399880000002,165.4,0.0,0.0,0.0,521.5,3.9,25.6,28.6,248.6,1.6,11.5,0.3,0.9
0.0,1.0,0.0,0.0,17.0,159.2,181.0,180.0,0.0,0.0,0.0,36.0,0.0,1.0,53.0,519.0,5.0,27.0,0.0,0.0,0.0,0.0,175.4220003,271.0,161.5,9.2,0.1,0.0,25.8,0.5,1.6,56.5,688.1,3.8,36.5,0.5,194.39400070000002,136.1,2.6,0.1,0.1,17.4,0.1,1.0,63.4,817.2,4.0,40.6,0.1,0.1
1.0,0.0,0.0,0.0,7.0,52.27,341.0,361.0,0.0,0.0,0.0,0.0,0.0,0.0,24.0,244.0,0.0,10.0,0.0,0.0,1.0,0.0,57.470001,1795.0,356.0,0.0,0.0,0.0,0.0,0.0,0.0,28.0,262.0,0.0,12.0,0.0,47.200001,366.0,0.0,0.0,0.0,0.0,0.0,0.0,14.0,153.0,2.0,7.0,0.0,0.0
1.0,0.0,0.0,0.0,15.0,61.130001,350.0,342.0,0.0,0.0,0.0,0.0,0.0,0.0,14.0,167.0,3.0,10.0,0.0,0.0,1.0,0.0,176.39999,309.0,134.0,0.0,0.0,0.0,0.0,0.0,0.0,50.0,456.0,8.0,32.0,0.0,114.8,231.0,0.0,0.0,0.0,0.0,0.0,0.0,38.0,447.0,3.0,23.0,0.0,0.0
0.0,1.0,0.0,0.0,17.0,211.97,263.0,106.0,0.0,0.0,0.0,0.0,0.0,0.0,42.0,568.0,5.0,32.0,621.0,0.0,0.0,1.0,77.07,1820.0,310.0,0.0,0.0,0.0,0.0,0.0,0.0,13.0,160.0,1.0,9.0,0.0,42.43,385.0,0.0,0.0,0.0,0.0,0.0,0.0,12.0,170.0,1.0,7.0,0.0,0.0
0.0,0.0,0.0,1.0,6.0,92.160004,349.0,282.0,1154.0,11.0,3.0,20.0,1.0,2.0,0.0,0.0,0.0,0.0,0.0,0.0,0.0,1.0,137.2199999,371.1,211.5,388.9,2.0,1.7,187.6,2.1,11.9,27.2,264.2,2.3,14.0,0.9,143.5600011,217.2,912.6,5.8,3.9,255.9,1.4,15.1,15.9,159.7,1.6,8.1,0.5,1.6
0.0,0.0,1.0,0.0,13.0,257.97,35.0,65.0,0.0,0.0,1.0,849.0,7.0,55.0,42.0,301.0,0.0,18.0,0.0,0.0,0.0,1.0,322.20001,28.0,20.0,0.0,0.0,0.0,1070.0,8.0,59.0,54.0,438.0,2.0,25.0,1.0,211.23,103.0,0.0,0.0,0.0,889.0,6.0,50.0,25.0,185.0,1.0,7.0,0.0,2.0
0.0,0.0,0.0,1.0,12.0,148.8,118.0,197.0,1870.0,7.0,10.0,420.0,2.0,22.0,0.0,0.0,0.0,0.0,0.0,0.0,0.0,5.0,224.441003,162.3,104.4,2615.2,16.4,8.8,368.2,3.5,23.2,1.0,10.7,0.1,0.5,3.4,232.1629989,116.1,2762.5,19.9,9.8,276.7,2.3,18.7,2.0,23.6,0.6,1.4,1.2,3.1
1.0,0.0,0.0,0.0,17.0,129.8,122.0,233.0,0.0,0.0,0.0,0.0,0.0,0.0,60.0,612.0,0.0,29.0,0.0,0.0,0.0,0.0,69.900002,147.0,323.0,0.0,0.0,0.0,-3.0,0.0,0.0,28.0,243.0,2.0,12.0,1.0,157.97200149999998,185.3,5.8,0.0,0.0,7.2,0.0,0.5,50.5,665.7,3.9,30.9,0.2,0.4
0.0,1.0,0.0,0.0,15.0,54.330002,2449.0,358.0,0.0,0.0,0.0,0.0,0.0,0.0,25.0,230.0,0.0,14.0,0.0,0.0,0.0,0.0,77.6140003,1566.5,314.4,1.5,0.0,0.0,53.1,0.3,3.3,22.4,240.2,1.7,11.2,0.0,98.93,261.0,0.0,0.0,0.0,0.0,0.0,0.0,25.0,329.0,4.0,20.0,0.0,0.0
0.0,1.0,0.0,0.0,17.0,244.53,74.0,76.0,0.0,0.0,0.0,32.0,1.0,2.0,81.0,1055.0,4.0,49.0,10.0,0.0,0.0,0.0,173.57001,143.0,136.0,0.0,0.0,0.0,20.0,0.0,1.0,61.0,631.0,4.0,33.0,0.0,188.545998,133.2,0.0,0.0,0.0,14.8,0.0,0.6,60.8,786.7,4.5,36.9,0.2,0.5
0.0,0.0,1.0,0.0,17.0,170.7,141.0,163.0,0.0,0.0,0.0,433.0,2.0,24.0,14.0,96.0,0.0,6.0,650.0,0.0,0.0,0.0,155.587,741.2,180.3,1.2,0.1,0.0,351.3,2.2,18.8,24.6,200.1,1.3,9.5,0.1,133.34200030000002,213.4,0.0,0.0,0.0,339.0,2.7,17.1,24.0,185.3,0.3,8.2,0.2,0.5
1.0,0.0,0.0,0.0,14.0,75.199997,1889.0,310.0,0.0,0.0,0.0,0.0,0.0,0.0,27.0,261.0,2.0,14.0,8.0,0.0,0.0,0.0,84.52699909999998,1057.0,299.2,0.0,0.0,0.0,1.9,0.0,0.2,27.2,315.4,2.5,16.3,0.3,116.33,225.0,0.0,0.0,0.0,0.0,0.0,0.0,34.0,320.0,5.0,19.0,1.0,0.0
0.0,1.0,0.0,0.0,17.0,340.10001,8.0,18.0,0.0,0.0,0.0,21.0,0.0,2.0,81.0,1455.0,13.0,56.0,0.0,0.0,0.0,1.0,292.232002,41.5,47.2,0.0,0.0,0.0,16.3,0.2,0.6,87.7,1120.4,8.9,54.9,0.4,246.824996,69.1,0.0,0.0,0.0,18.2,0.1,1.1,74.6,1018.0,5.8,49.5,0.1,0.9
0.0,0.0,0.0,1.0,16.0,328.23999,65.0,21.0,4611.0,34.0,14.0,118.0,2.0,14.0,0.0,0.0,0.0,0.0,0.0,0.0,1.0,2.0,181.72,104.0,121.0,2688.0,13.0,5.0,142.0,3.0,14.0,0.0,0.0,0.0,0.0,4.0,263.131998,55.8,3736.8,24.0,9.3,184.6,2.0,13.8,0.0,0.0,0.0,0.0,1.4,3.4
0.0,0.0,1.0,0.0,14.0,63.57,235.0,338.0,0.0,0.0,0.0,77.0,0.0,3.0,15.0,151.0,2.0,6.0,58.0,0.0,0.0,0.0,135.0040001,359.7,212.4,2.8,0.0,0.0,58.2,0.6,3.0,37.6,388.2,4.5,22.0,0.1,99.4369995,270.1,0.0,0.0,0.0,73.5,0.1,2.7,28.0,328.9,2.8,16.7,0.1,0.2
0.0,0.0,1.0,0.0,16.0,98.669998,180.0,270.0,0.0,0.0,0.0,246.0,1.0,11.0,27.0,196.0,1.0,9.0,0.0,0.0,0.0,0.0,78.800003,1980.0,307.0,0.0,0.0,0.0,301.0,3.0,16.0,11.0,66.0,0.0,4.0,0.0,93.9959997,280.8,0.0,0.0,0.0,123.3,1.0,6.2,23.5,209.8,2.3,10.9,0.0,0.3
0.0,0.0,1.0,0.0,16.0,354.42999,12.0,13.0,0.0,0.0,0.0,1205.0,13.0,60.0,42.0,314.0,3.0,11.0,0.0,0.0,0.0,1.0,116.0,15.0,230.0,0.0,0.0,0.0,428.0,3.0,20.0,21.0,138.0,1.0,5.0,1.0,281.82999,39.0,0.0,0.0,0.0,1137.0,5.0,56.0,35.0,287.0,3.0,14.0,0.0,0.0
1.0,0.0,0.0,0.0,13.0,73.730003,187.0,318.0,0.0,0.0,0.0,0.0,0.0,0.0,26.0,221.0,3.0,11.0,0.0,0.0,0.0,1.0,177.07001,201.0,132.0,0.0,0.0,0.0,0.0,0.0,0.0,56.0,571.0,6.0,35.0,0.0,85.269997,291.0,0.0,0.0,0.0,0.0,0.0,0.0,30.0,349.0,2.0,16.0,0.0,0.0
0.0,1.0,0.0,0.0,14.0,247.73,23.0,72.0,0.0,0.0,0.0,0.0,0.0,0.0,74.0,1091.0,6.0,53.0,0.0,0.0,1.0,1.0,229.33,59.0,72.0,0.0,0.0,0.0,28.0,0.0,1.0,67.0,908.0,6.0,52.0,1.0,231.430001,86.4,0.0,0.0,0.0,17.4,0.1,0.8,64.5,956.4,6.2,44.3,0.2,0.2
0.0,1.0,0.0,0.0,16.0,204.34,124.0,114.0,46.0,0.0,0.0,22.0,0.0,1.0,67.0,828.0,5.0,37.0,1.0,0.0,0.0,0.0,217.61,93.0,80.0,16.0,0.0,0.0,49.0,0.0,2.0,79.0,841.0,4.0,43.0,0.0,249.92999,58.0,0.0,0.0,0.0,23.0,0.0,1.0,90.0,1046.0,5.0,51.0,0.0,2.0
0.0,0.0,0.0,1.0,11.0,81.32,303.0,299.0,1283.0,5.0,4.0,70.0,1.0,9.0,0.0,0.0,0.0,0.0,0.0,0.0,1.0,3.0,124.1150009,526.3,227.1,515.1,2.0,2.1,174.1,1.5,9.2,20.7,235.2,2.2,12.2,1.0,229.61,84.0,2942.0,18.0,6.0,228.0,4.0,20.0,1.0,2.0,0.0,0.0,1.0,5.0
0.0,0.0,1.0,0.0,14.0,281.5,17.0,45.0,0.0,0.0,0.0,1259.0,8.0,61.0,20.0,174.0,1.0,9.0,0.0,0.0,0.0,1.0,239.7,8.0,62.0,0.0,0.0,0.0,1067.0,12.0,55.0,16.0,150.0,0.0,6.0,1.0,304.92999,19.0,0.0,0.0,0.0,1494.0,8.0,62.0,36.0,278.0,0.0,13.0,0.0,3.0
0.0,1.0,0.0,0.0,14.0,131.3,224.0,230.0,0.0,0.0,0.0,0.0,0.0,0.0,34.0,597.0,3.0,26.0,95.0,0.0,0.0,1.0,107.87,339.0,251.0,0.0,0.0,0.0,0.0,0.0,0.0,14.0,304.0,2.0,10.0,0.0,142.1840015,200.6,2.0,0.0,0.0,6.6,0.0,0.4,46.6,588.8,3.4,28.0,0.2,0.4
1.0,0.0,0.0,0.0,16.0,116.77,126.0,246.0,0.0,0.0,0.0,1.0,0.0,0.0,36.0,475.0,4.0,17.0,0.0,0.0,0.0,0.0,62.200001,1794.0,347.0,0.0,0.0,0.0,0.0,0.0,0.0,19.0,213.0,2.0,13.0,0.0,86.4710007,298.2,3.8,0.0,0.0,6.9,0.2,0.4,25.0,290.1,2.5,14.6,0.0,0.1
0.0,1.0,0.0,0.0,14.0,73.099998,2476.0,321.0,0.0,0.0,0.0,39.0,0.0,4.0,10.0,135.0,1.0,6.0,322.0,0.0,0.0,0.0,72.1810002,1784.1,323.3,0.0,0.0,0.0,102.3,0.8,6.4,13.9,145.2,1.0,6.1,0.0,92.60699980000001,276.6,2.0,0.0,0.0,138.5,1.2,6.5,24.3,223.9,1.2,11.4,0.0,0.2
0.0,0.0,1.0,0.0,17.0,144.42999,202.0,209.0,0.0,0.0,0.0,534.0,3.0,24.0,19.0,137.0,0.0,7.0,139.0,0.0,0.0,0.0,63.93,2403.0,340.0,0.0,0.0,0.0,166.0,0.0,7.0,3.0,14.0,0.0,0.0,0.0,99.5289996,269.1,0.0,0.0,0.0,170.6,1.3,8.2,20.4,180.0,1.8,8.7,0.0,0.4
0.0,0.0,1.0,0.0,16.0,98.370003,2482.0,271.0,0.0,0.0,0.0,24.0,0.0,0.0,18.0,181.0,2.0,10.0,399.0,0.0,0.0,0.0,68.9110001,1963.1,330.8,0.0,0.0,0.0,70.4,0.5,4.6,14.0,156.0,1.2,6.8,0.0,86.827,288.8,0.0,0.0,0.0,135.5,1.2,6.5,21.2,207.4,1.2,10.2,0.0,0.2
0.0,1.0,0.0,0.0,15.0,234.67,72.0,89.0,0.0,0.0,0.0,0.0,0.0,0.0,68.0,865.0,8.0,45.0,0.0,0.0,0.0,0.0,264.67001,35.0,48.0,0.0,0.0,0.0,14.0,0.0,1.0,92.0,1114.0,5.0,54.0,0.0,276.87,41.0,0.0,0.0,0.0,6.0,0.0,0.0,79.0,1189.0,8.0,54.0,0.0,0.0
0.0,1.0,0.0,0.0,15.0,130.89999,2426.0,232.0,0.0,0.0,0.0,33.0,0.0,2.0,11.0,132.0,2.0,7.0,848.0,1.0,0.0,3.0,91.4329995,2117.9,284.1,0.0,0.0,0.0,42.6,0.2,2.3,12.3,113.6,0.7,5.0,0.4,93.94699999999999,273.9,0.0,0.0,0.0,134.0,1.2,6.3,19.4,183.1,1.0,8.8,0.0,0.3
1.0,0.0,0.0,0.0,16.0,74.529999,1854.0,313.0,0.0,0.0,0.0,0.0,0.0,0.0,21.0,233.0,3.0,14.0,0.0,0.0,0.0,0.0,73.870003,1789.0,317.0,0.0,0.0,0.0,0.0,0.0,0.0,24.0,238.0,3.0,14.0,2.0,100.59900069999999,263.4,2.0,0.0,0.0,57.1,0.5,2.5,28.9,349.8,2.4,17.2,0.2,0.2
0.0,0.0,1.0,0.0,8.0,136.2,82.0,221.0,0.0,0.0,0.0,386.0,5.0,22.0,22.0,174.0,0.0,10.0,0.0,0.0,1.0,0.0,269.37,55.0,44.0,0.0,0.0,0.0,841.0,6.0,44.0,38.0,304.0,5.0,19.0,0.0,114.9,230.0,0.0,0.0,0.0,179.0,2.0,8.0,37.0,285.0,1.0,17.0,0.0,0.0
0.0,1.0,0.0,0.0,15.0,70.300003,2045.0,329.0,0.0,0.0,0.0,13.0,0.0,1.0,24.0,285.0,2.0,9.0,0.0,0.0,0.0,0.0,115.13,250.0,231.0,0.0,0.0,0.0,0.0,0.0,0.0,30.0,392.0,5.0,19.0,0.0,146.0,170.0,0.0,0.0,0.0,0.0,0.0,0.0,44.0,735.0,3.0,31.0,0.0,1.0
1.0,0.0,0.0,0.0,17.0,240.87,59.0,86.0,0.0,0.0,0.0,0.0,0.0,0.0,78.0,808.0,8.0,43.0,0.0,0.0,1.0,0.0,167.0,300.0,147.0,0.0,0.0,0.0,0.0,0.0,0.0,63.0,615.0,4.0,33.0,1.0,160.216001,168.1,3.8,0.0,0.0,13.2,0.0,0.6,53.4,642.8,3.8,31.6,0.3,0.6
0.0,0.0,1.0,0.0,15.0,248.27,80.0,71.0,0.0,0.0,0.0,719.0,2.0,35.0,39.0,337.0,0.0,15.0,489.0,1.0,0.0,0.0,216.97,102.0,81.0,0.0,0.0,0.0,435.0,4.0,23.0,28.0,193.0,1.0,9.0,0.0,133.13,192.0,0.0,0.0,0.0,455.0,2.0,21.0,15.0,107.0,1.0,4.0,1.0,1.0
0.0,0.0,1.0,0.0,17.0,317.48999,28.0,28.0,4.0,0.0,0.0,1002.0,10.0,55.0,47.0,287.0,2.0,16.0,0.0,0.0,3.0,1.0,286.42999,6.0,36.0,0.0,0.0,0.0,979.0,6.0,62.0,52.0,338.0,2.0,20.0,5.0,376.70001,4.0,0.0,0.0,0.0,1357.0,12.0,78.0,54.0,420.0,2.0,21.0,0.0,2.0
0.0,1.0,0.0,0.0,9.0,103.67,215.0,264.0,0.0,0.0,0.0,0.0,0.0,0.0,35.0,445.0,2.0,23.0,0.0,0.0,0.0,0.0,199.2,118.0,99.0,0.0,0.0,0.0,0.0,0.0,0.0,59.0,843.0,5.0,44.0,0.0,237.8,72.0,0.0,0.0,0.0,0.0,0.0,0.0,66.0,1107.0,6.0,50.0,0.0,0.0
0.0,1.0,0.0,0.0,16.0,279.97,14.0,47.0,0.0,0.0,0.0,76.0,0.0,4.0,79.0,1102.0,6.0,54.0,139.0,0.0,0.0,0.0,264.42999,29.0,49.0,0.0,0.0,0.0,82.0,1.0,4.0,74.0,935.0,5.0,46.0,1.0,234.665999,83.4,0.0,0.0,0.0,15.4,0.0,0.9,68.0,968.8,5.8,46.7,0.2,0.3
0.0,0.0,0.0,1.0,16.0,327.56,91.0,22.0,4449.0,37.0,10.0,146.0,1.0,7.0,0.0,0.0,0.0,0.0,0.0,0.0,3.0,6.0,140.27,58.0,188.0,1856.0,9.0,4.0,93.0,3.0,8.0,1.0,11.0,1.0,1.0,3.0,350.78,7.0,4902.0,30.0,11.0,277.0,3.0,19.0,0.0,0.0,0.0,0.0,1.0,2.0
1.0,0.0,0.0,0.0,14.0,84.0,110.0,296.0,0.0,0.0,0.0,0.0,0.0,0.0,33.0,330.0,2.0,15.0,0.0,0.0,0.0,1.0,153.927001,476.1,181.5,0.0,0.0,0.1,9.0,0.2,0.4,51.3,612.4,3.5,32.5,0.4,178.5100026,155.3,0.0,0.0,0.0,9.9,0.0,0.4,58.3,726.3,4.2,36.4,0.3,0.1
0.0,0.0,0.0,1.0,14.0,259.82001,81.0,64.0,3113.0,25.0,6.0,183.0,2.0,17.0,0.0,0.0,0.0,0.0,0.0,0.0,1.0,1.0,380.78,67.0,10.0,4212.0,40.0,13.0,513.0,2.0,25.0,0.0,0.0,0.0,0.0,4.0,339.60001,9.0,4110.0,31.0,5.0,342.0,3.0,17.0,0.0,0.0,0.0,0.0,1.0,2.0
0.0,0.0,1.0,0.0,17.0,264.37,25.0,62.0,0.0,0.0,0.0,903.0,4.0,52.0,43.0,316.0,3.0,12.0,0.0,0.0,0.0,1.0,268.06999979999995,39.1,78.8,0.0,0.0,0.0,988.7,9.2,52.7,39.6,293.4,1.2,13.3,1.7,266.897001,62.6,1.3,0.0,0.0,982.0,7.9,49.8,42.8,324.7,1.5,13.9,0.0,1.7
0.0,1.0,0.0,0.0,16.0,181.92999,2000.0,141.0,0.0,0.0,0.0,0.0,0.0,1.0,53.0,734.0,5.0,39.0,0.0,0.0,0.0,0.0,181.47,231.0,122.0,0.0,0.0,0.0,0.0,0.0,0.0,51.0,742.0,6.0,33.0,0.0,43.130001,381.0,0.0,0.0,0.0,0.0,0.0,0.0,16.0,218.0,0.0,14.0,0.0,0.0
0.0,0.0,0.0,1.0,4.0,47.32,2097.0,371.0,638.0,5.0,2.0,28.0,0.0,1.0,0.0,0.0,0.0,0.0,0.0,0.0,1.0,0.0,102.4270015,768.5,266.1,1.5,0.0,0.0,162.8,1.3,9.2,26.4,250.0,1.9,11.5,0.1,121.67900049999999,232.5,2.0,0.0,0.0,258.4,1.4,12.5,32.2,319.2,1.2,15.2,0.1,0.6
0.0,1.0,0.0,0.0,16.0,47.110001,2412.0,374.0,1.0,0.0,0.0,0.0,0.0,0.0,15.0,175.0,1.0,10.0,24.0,0.0,0.0,0.0,73.87100110000002,1520.0,320.1,0.0,0.0,0.0,120.6,1.0,7.0,16.7,187.5,1.3,8.1,0.0,88.2700007,285.0,2.0,0.0,0.0,74.1,0.6,3.6,26.3,289.2,1.4,14.1,0.0,0.2
0.0,1.0,0.0,0.0,17.0,163.37,53.0,170.0,16.0,0.0,0.0,0.0,0.0,0.0,58.0,776.0,2.0,35.0,0.0,0.0,1.0,0.0,227.68400220000004,92.0,97.0,9.0,0.1,0.0,10.7,0.3,1.1,74.4,893.0,5.4,46.4,0.7,248.35001,62.0,38.0,0.0,0.0,17.0,0.0,1.0,72.0,1112.0,6.0,50.0,0.0,0.0
0.0,1.0,0.0,0.0,10.0,91.43,63.0,284.0,0.0,0.0,0.0,3.0,0.0,0.0,38.0,467.0,0.0,22.0,0.0,0.0,0.0,0.0,174.07001,97.0,135.0,0.0,0.0,0.0,0.0,0.0,0.0,52.0,856.0,3.0,39.0,0.0,187.10600100000002,146.3,0.0,0.0,0.0,3.4,0.0,0.2,58.2,796.0,4.5,38.7,0.1,0.1
0.0,0.0,1.0,0.0,16.0,249.0,78.0,69.0,0.0,0.0,0.0,918.0,8.0,48.0,28.0,213.0,2.0,9.0,0.0,0.0,0.0,3.0,230.13,80.0,71.0,0.0,0.0,0.0,986.0,9.0,46.0,32.0,158.0,1.0,7.0,4.0,206.92999,110.0,0.0,0.0,0.0,612.0,8.0,39.0,42.0,296.0,1.0,11.0,0.0,3.0
0.0,0.0,1.0,0.0,13.0,162.57001,117.0,173.0,0.0,0.0,0.0,601.0,3.0,42.0,26.0,157.0,0.0,6.0,0.0,0.0,0.0,0.0,159.23,106.0,163.0,0.0,0.0,0.0,505.0,2.0,29.0,31.0,236.0,1.0,11.0,0.0,185.77,125.0,0.0,0.0,0.0,460.0,1.0,23.0,39.0,253.0,5.0,16.0,0.0,0.0
0.0,1.0,0.0,0.0,16.0,174.8,1847.0,151.0,0.0,0.0,0.0,28.0,0.0,2.0,48.0,576.0,4.0,28.0,236.0,0.0,0.0,0.0,76.470001,2369.0,311.0,0.0,0.0,0.0,-3.0,0.0,0.0,9.0,187.0,0.0,7.0,0.0,76.629997,308.0,0.0,0.0,0.0,-5.0,0.0,0.0,9.0,170.0,1.0,6.0,0.0,1.0
0.0,0.0,1.0,0.0,13.0,243.83,16.0,82.0,0.0,0.0,0.0,617.0,5.0,28.0,62.0,452.0,2.0,18.0,0.0,0.0,0.0,1.0,211.89999,38.0,89.0,0.0,0.0,0.0,521.0,8.0,31.0,46.0,357.0,2.0,15.0,2.0,237.7659991,116.1,0.0,0.0,0.0,657.7,3.8,30.7,50.2,423.4,2.6,20.0,0.2,0.8
0.0,1.0,0.0,0.0,17.0,256.89999,66.0,66.0,0.0,0.0,0.0,61.0,1.0,2.0,90.0,912.0,5.0,48.0,0.0,0.0,2.0,0.0,222.63400099999998,106.9,91.8,4.3,0.2,0.0,6.0,0.2,0.7,66.4,888.3,6.1,43.1,0.5,195.28400100000002,125.2,0.0,0.0,0.0,26.7,0.1,1.1,60.4,808.1,5.0,37.3,0.2,0.7
0.0,0.0,1.0,0.0,17.0,105.5,2520.0,258.0,0.0,0.0,0.0,118.0,1.0,7.0,7.0,60.0,0.0,4.0,697.0,0.0,0.0,2.0,90.34299979999999,2103.4,286.3,0.0,0.0,0.0,59.6,0.2,3.3,12.2,105.8,0.5,4.8,0.4,93.947,273.9,0.0,0.0,0.0,134.0,1.2,6.3,19.4,183.1,1.0,8.8,0.0,0.3
0.0,1.0,0.0,0.0,5.0,55.599998,297.0,355.0,0.0,0.0,0.0,0.0,0.0,0.0,15.0,204.0,2.0,9.0,0.0,0.0,1.0,0.0,75.269997,338.0,313.0,0.0,0.0,0.0,0.0,0.0,0.0,20.0,349.0,2.0,16.0,0.0,116.0020001,239.2,0.0,0.0,0.0,10.1,0.0,0.3,35.3,436.2,3.5,21.9,0.2,0.3
0.0,0.0,0.0,1.0,14.0,198.5,152.0,118.0,3245.0,19.0,8.0,87.0,0.0,4.0,0.0,0.0,0.0,0.0,0.0,0.0,4.0,6.0,243.98,207.0,58.0,3952.0,20.0,13.0,99.0,4.0,12.0,0.0,0.0,0.0,0.0,4.0,248.52,63.0,4638.0,22.0,16.0,40.0,2.0,5.0,0.0,0.0,0.0,0.0,0.0,5.0
0.0,0.0,1.0,0.0,5.0,47.470001,1866.0,369.0,0.0,0.0,0.0,230.0,0.0,11.0,7.0,52.0,0.0,3.0,0.0,0.0,0.0,0.0,95.78300089999999,415.3,280.4,1.5,0.0,0.0,168.9,1.2,9.9,23.1,202.7,1.9,10.2,0.1,116.51299999999999,242.5,0.0,0.0,0.0,273.9,1.4,13.2,28.1,247.1,1.6,12.1,0.2,0.5
0.0,1.0,0.0,0.0,12.0,92.400002,292.0,281.0,0.0,0.0,0.0,0.0,0.0,0.0,29.0,396.0,2.0,21.0,0.0,0.0,0.0,0.0,138.7,226.0,191.0,0.0,0.0,0.0,5.0,0.0,0.0,52.0,618.0,2.0,31.0,1.0,70.029999,323.0,0.0,0.0,0.0,23.0,0.0,2.0,21.0,326.0,1.0,15.0,0.0,0.0
1.0,0.0,0.0,0.0,10.0,41.799999,1878.0,387.0,0.0,0.0,0.0,0.0,0.0,0.0,12.0,117.0,2.0,6.0,0.0,0.0,0.0,0.0,97.5859998,591.8,276.7,1.5,0.0,0.0,74.4,0.5,4.6,27.0,278.8,2.8,14.1,0.3,101.83900000000001,265.7,2.0,0.0,0.0,101.6,0.3,4.7,32.1,319.8,2.0,15.9,0.2,0.2
0.0,0.0,1.0,0.0,14.0,106.27,1870.0,257.0,0.0,0.0,0.0,364.0,2.0,18.0,22.0,178.0,0.0,8.0,0.0,0.0,0.0,1.0,81.529999,275.0,300.0,0.0,0.0,0.0,270.0,0.0,15.0,19.0,173.0,0.0,7.0,0.0,50.169998,359.0,0.0,0.0,0.0,200.0,0.0,9.0,9.0,22.0,0.0,0.0,0.0,0.0
1.0,0.0,0.0,0.0,12.0,165.87,84.0,167.0,0.0,0.0,0.0,0.0,0.0,0.0,61.0,583.0,4.0,32.0,0.0,0.0,1.0,0.0,203.2,51.0,97.0,0.0,0.0,0.0,0.0,0.0,0.0,67.0,723.0,6.0,40.0,1.0,91.470001,276.0,0.0,0.0,0.0,0.0,0.0,0.0,32.0,367.0,2.0,19.0,0.0,0.0
0.0,0.0,0.0,1.0,16.0,343.42999,103.0,17.0,4115.0,37.0,4.0,101.0,3.0,10.0,1.0,-4.0,0.0,0.0,0.0,0.0,0.0,0.0,392.45999,82.0,8.0,4299.0,48.0,5.0,149.0,3.0,15.0,1.0,-6.0,0.0,0.0,2.0,285.38,35.0,4002.0,26.0,4.0,183.0,1.0,9.0,0.0,0.0,0.0,0.0,3.0,4.0
1.0,0.0,0.0,0.0,16.0,66.330002,1864.0,333.0,0.0,0.0,0.0,0.0,0.0,0.0,25.0,245.0,2.0,9.0,0.0,0.0,0.0,0.0,93.11699909999999,1030.9,281.4,0.0,0.0,0.0,1.9,0.0,0.2,31.3,368.5,2.3,19.1,0.4,106.296,257.3,0.0,0.0,0.0,17.7,0.0,1.0,31.1,400.6,3.1,18.3,0.2,0.2
0.0,1.0,0.0,0.0,12.0,112.1,271.0,254.0,0.0,0.0,0.0,1.0,0.0,0.0,28.0,375.0,5.0,21.0,0.0,0.0,0.0,1.0,111.4,282.0,241.0,0.0,0.0,0.0,0.0,0.0,0.0,38.0,441.0,3.0,20.0,0.0,178.8,133.0,0.0,0.0,0.0,11.0,0.0,0.0,55.0,828.0,3.0,41.0,0.0,1.0
1.0,0.0,0.0,0.0,8.0,57.599998,159.0,348.0,0.0,0.0,0.0,0.0,0.0,0.0,18.0,204.0,2.0,10.0,0.0,0.0,0.0,0.0,212.07001,103.0,88.0,0.0,0.0,0.0,0.0,0.0,0.0,52.0,586.0,11.0,33.0,0.0,109.41099920000002,249.9,0.0,0.0,0.0,15.7,0.0,0.5,35.2,389.7,3.3,19.4,0.2,0.1
0.0,1.0,0.0,0.0,16.0,47.599998,2528.0,368.0,0.0,0.0,0.0,11.0,0.0,1.0,4.0,45.0,0.0,2.0,365.0,0.0,0.0,0.0,72.1810002,1784.1,323.3,0.0,0.0,0.0,102.3,0.8,6.4,13.9,145.2,1.0,6.1,0.0,102.94399969999999,257.7,2.0,0.0,0.0,187.6,1.7,8.6,25.3,221.3,1.3,11.3,0.0,0.3
0.0,0.0,1.0,0.0,15.0,288.87,11.0,41.0,0.0,0.0,0.0,799.0,4.0,37.0,52.0,391.0,6.0,22.0,19.0,0.0,0.0,1.0,300.07001,11.0,28.0,0.0,0.0,0.0,1104.0,9.0,52.0,47.0,355.0,2.0,15.0,0.0,346.0,8.0,0.0,0.0,0.0,1084.0,16.0,55.0,49.0,474.0,3.0,18.0,0.0,2.0
0.0,1.0,0.0,0.0,13.0,76.269997,229.0,308.0,0.0,0.0,0.0,0.0,0.0,0.0,27.0,394.0,1.0,17.0,0.0,0.0,0.0,1.0,104.37,253.0,257.0,0.0,0.0,1.0,3.0,0.0,0.0,37.0,421.0,2.0,27.0,1.0,153.07001,162.0,0.0,0.0,0.0,12.0,0.0,1.0,52.0,673.0,3.0,30.0,1.0,1.0
1.0,0.0,0.0,0.0,17.0,47.27,1905.0,370.0,0.0,0.0,0.0,0.0,0.0,0.0,23.0,214.0,0.0,10.0,0.0,0.0,0.0,0.0,47.130001,1809.0,381.0,0.0,0.0,0.0,0.0,0.0,0.0,10.0,107.0,3.0,6.0,0.0,102.7860005,258.7,2.0,0.0,0.0,63.9,0.8,3.0,26.6,325.0,2.4,16.2,0.2,0.1
0.0,0.0,1.0,0.0,17.0,244.17,47.0,77.0,0.0,0.0,0.0,803.0,5.0,50.0,34.0,313.0,2.0,15.0,0.0,0.0,0.0,1.0,47.599998,92.0,379.0,0.0,0.0,0.0,242.0,2.0,11.0,2.0,21.0,0.0,1.0,0.0,238.8529981,118.6,0.0,0.0,0.0,823.8,5.5,39.9,40.9,333.5,2.0,16.2,0.3,0.9
0.0,1.0,0.0,0.0,15.0,171.39999,98.0,159.0,0.0,0.0,0.0,32.0,0.0,2.0,40.0,513.0,8.0,28.0,0.0,0.0,0.0,0.0,112.77,217.0,236.0,0.0,0.0,0.0,17.0,0.0,1.0,33.0,451.0,3.0,23.0,0.0,117.9,219.0,0.0,0.0,0.0,21.0,0.0,1.0,35.0,477.0,3.0,24.0,0.0,0.0
0.0,0.0,1.0,0.0,13.0,93.800003,347.0,278.0,0.0,0.0,0.0,228.0,0.0,7.0,32.0,225.0,1.0,11.0,0.0,0.0,0.0,1.0,215.03,84.0,83.0,0.0,0.0,0.0,691.0,6.0,38.0,33.0,314.0,2.0,16.0,1.0,172.57001,142.0,0.0,0.0,0.0,345.0,2.0,20.0,36.0,370.0,4.0,17.0,0.0,1.0
0.0,1.0,0.0,0.0,16.0,73.830002,1904.0,316.0,0.0,0.0,0.0,3.0,0.0,1.0,22.0,323.0,2.0,15.0,0.0,0.0,0.0,1.0,109.4,1776.0,245.0,0.0,0.0,0.0,0.0,0.0,0.0,40.0,471.0,2.0,24.0,1.0,176.67,137.0,0.0,0.0,0.0,0.0,0.0,0.0,47.0,775.0,5.0,36.0,1.0,0.0
0.0,0.0,1.0,0.0,16.0,137.10001,221.0,219.0,0.0,0.0,0.0,427.0,3.0,30.0,25.0,186.0,0.0,9.0,0.0,0.0,0.0,0.0,130.2,307.0,203.0,0.0,0.0,0.0,274.0,3.0,18.0,25.0,192.0,3.0,11.0,0.0,113.8,235.0,0.0,0.0,0.0,302.0,3.0,18.0,27.0,279.0,0.0,10.0,0.0,1.0
0.0,0.0,0.0,1.0,13.0,161.96001,209.0,175.0,2664.0,16.0,10.0,44.0,0.0,5.0,0.0,0.0,0.0,0.0,0.0,0.0,2.0,1.0,233.612,147.0,94.6,2886.3,18.0,9.9,344.0,3.3,22.2,0.2,0.9,0.0,0.1,3.4,259.9939979,77.1,3389.6,23.9,10.1,259.1,2.5,18.7,0.0,0.0,0.0,0.0,1.2,4.0
0.0,1.0,0.0,0.0,14.0,92.730003,160.0,280.0,0.0,0.0,0.0,0.0,0.0,0.0,33.0,446.0,1.0,22.0,0.0,0.0,0.0,0.0,142.36699999999996,304.0,195.9,0.0,0.0,0.1,4.4,0.2,0.3,45.1,612.4,3.1,31.3,0.5,193.4560009,135.9,0.0,0.0,0.0,2.5,0.0,0.1,57.9,828.1,5.0,40.0,0.2,0.2
0.0,0.0,1.0,0.0,15.0,44.029999,2497.0,383.0,0.0,0.0,0.0,169.0,0.0,8.0,10.0,77.0,0.0,4.0,0.0,0.0,0.0,0.0,48.400002,2181.0,376.0,0.0,0.0,0.0,170.0,0.0,10.0,12.0,81.0,0.0,4.0,0.0,161.67,153.0,0.0,0.0,0.0,496.0,3.0,22.0,43.0,256.0,1.0,10.0,0.0,0.0
1.0,0.0,0.0,0.0,9.0,65.870003,246.0,335.0,0.0,0.0,0.0,0.0,0.0,0.0,20.0,178.0,3.0,10.0,0.0,0.0,0.0,0.0,135.2710003,510.6,211.9,2.8,0.0,0.0,32.8,0.6,1.9,39.5,404.8,4.5,22.7,0.0,99.4369995,270.1,0.0,0.0,0.0,73.5,0.1,2.7,28.0,328.9,2.8,16.7,0.1,0.2
0.0,0.0,1.0,0.0,17.0,56.299999,2463.0,352.0,0.0,0.0,0.0,137.0,1.0,5.0,13.0,114.0,1.0,3.0,0.0,0.0,0.0,0.0,80.88400039999999,1387.5,306.9,1.5,0.0,0.0,85.0,0.6,5.1,22.3,229.4,1.5,10.5,0.0,101.07,257.0,0.0,0.0,0.0,17.0,2.0,3.0,35.0,286.0,0.0,14.0,0.0,1.0
0.0,1.0,0.0,0.0,16.0,255.23,56.0,67.0,0.0,0.0,0.0,21.0,0.0,1.0,90.0,1037.0,6.0,45.0,0.0,0.0,0.0,0.0,256.67001,89.0,52.0,0.0,0.0,0.0,0.0,0.0,0.0,81.0,1150.0,6.0,51.0,0.0,137.07001,180.0,0.0,0.0,0.0,52.0,0.0,3.0,42.0,583.0,2.0,32.0,0.0,0.0
0.0,1.0,0.0,0.0,12.0,58.130001,1900.0,347.0,0.0,0.0,0.0,0.0,0.0,0.0,21.0,227.0,2.0,6.0,0.0,0.0,0.0,0.0,85.7329991,889.1,296.7,0.0,0.0,0.0,0.4,0.0,0.1,27.8,320.0,2.5,17.1,0.4,105.7790002,258.5,0.0,0.0,0.0,1.2,0.0,0.0,30.9,402.6,3.2,19.4,0.2,0.1
0.0,1.0,0.0,0.0,10.0,84.07,335.0,295.0,0.0,0.0,0.0,0.0,0.0,0.0,23.0,331.0,3.0,15.0,0.0,0.0,0.0,0.0,190.8,157.0,108.0,0.0,0.0,0.0,0.0,0.0,0.0,56.0,762.0,5.0,42.0,0.0,142.39999,173.0,0.0,0.0,0.0,0.0,0.0,0.0,45.0,501.0,5.0,24.0,0.0,0.0
0.0,0.0,1.0,0.0,17.0,484.10001,1.0,2.0,0.0,0.0,0.0,1811.0,18.0,107.0,40.0,360.0,2.0,12.0,0.0,0.0,0.0,2.0,303.82999,5.0,25.0,0.0,0.0,0.0,1169.0,11.0,69.0,36.0,299.0,1.0,12.0,1.0,276.496999,53.2,1.3,0.0,0.0,1043.0,8.2,52.2,42.4,335.2,1.3,15.1,0.0,1.7
0.0,0.0,0.0,1.0,17.0,231.92,137.0,91.0,3968.0,20.0,12.0,82.0,1.0,9.0,0.0,0.0,0.0,0.0,0.0,0.0,1.0,4.0,286.44,109.0,37.0,4581.0,26.0,11.0,92.0,2.0,8.0,0.0,0.0,0.0,0.0,3.0,275.34,42.0,4466.0,26.0,14.0,147.0,1.0,10.0,0.0,0.0,0.0,0.0,1.0,5.0
0.0,1.0,0.0,0.0,17.0,74.330002,2487.0,314.0,0.0,0.0,0.0,32.0,0.0,1.0,13.0,173.0,2.0,9.0,206.0,0.0,0.0,0.0,73.87100109999999,1520.0,320.1,0.0,0.0,0.0,120.6,1.0,7.0,16.7,187.5,1.3,8.1,0.0,89.1099997,284.1,2.0,0.0,0.0,128.5,1.2,6.2,24.0,233.7,1.2,11.9,0.0,0.1
0.0,1.0,0.0,0.0,17.0,269.53,27.0,56.0,0.0,0.0,0.0,44.0,0.0,1.0,88.0,1082.0,6.0,54.0,0.0,0.0,1.0,0.0,107.13,127.0,253.0,0.0,0.0,0.0,26.0,0.0,1.0,40.0,503.0,1.0,22.0,0.0,197.34,124.2,0.0,0.0,0.0,12.5,0.0,0.5,61.9,801.9,5.1,38.7,0.3,0.4
0.0,0.0,1.0,0.0,13.0,51.099998,1894.0,364.0,0.0,0.0,0.0,185.0,1.0,8.0,9.0,84.0,0.0,4.0,0.0,0.0,0.0,0.0,94.58300089999999,425.8,282.9,1.5,0.0,0.0,141.9,1.2,8.4,23.6,210.5,2.1,10.7,0.1,116.51299999999999,242.5,0.0,0.0,0.0,273.9,1.4,13.2,28.1,247.1,1.6,12.1,0.2,0.5
0.0,0.0,1.0,0.0,17.0,158.27,111.0,182.0,0.0,0.0,0.0,276.0,2.0,15.0,40.0,310.0,1.0,15.0,240.0,0.0,0.0,2.0,264.13,114.0,50.0,0.0,0.0,0.0,380.0,3.0,24.0,63.0,482.0,4.0,24.0,0.0,170.63,144.0,0.0,0.0,0.0,199.0,2.0,16.0,44.0,320.0,0.0,15.0,0.0,1.0
0.0,0.0,1.0,0.0,14.0,65.099998,227.0,336.0,0.0,0.0,0.0,249.0,1.0,11.0,4.0,45.0,1.0,1.0,72.0,0.0,0.0,0.0,83.07,130.0,297.0,0.0,0.0,0.0,502.0,1.0,19.0,7.0,28.0,0.0,1.0,0.0,225.17,86.0,0.0,0.0,0.0,1011.0,7.0,39.0,35.0,196.0,0.0,9.0,0.0,0.0
1.0,0.0,0.0,0.0,17.0,91.07,186.0,285.0,0.0,0.0,0.0,0.0,0.0,0.0,24.0,316.0,4.0,14.0,0.0,0.0,0.0,0.0,90.269997,1788.0,285.0,0.0,0.0,0.0,0.0,0.0,0.0,31.0,394.0,2.0,19.0,1.0,95.2380017,279.4,3.8,0.0,0.0,59.4,0.8,3.2,24.8,280.0,2.5,14.2,0.0,0.1
0.0,1.0,0.0,0.0,10.0,145.27,1856.0,206.0,0.0,0.0,0.0,111.0,1.0,3.0,24.0,229.0,1.0,14.0,599.0,1.0,0.0,0.0,127.33,2383.0,213.0,0.0,0.0,0.0,33.0,0.0,3.0,13.0,89.0,0.0,4.0,1.0,86.5589992,286.9,0.0,0.0,0.0,84.9,0.9,4.2,16.9,193.2,1.4,9.4,0.1,0.3
1.0,0.0,0.0,0.0,15.0,115.9,156.0,249.0,0.0,0.0,0.0,-3.0,0.0,0.0,46.0,408.0,3.0,21.0,0.0,0.0,0.0,1.0,152.2,136.0,170.0,0.0,0.0,0.0,26.0,1.0,1.0,63.0,654.0,1.0,32.0,1.0,122.83,211.0,0.0,0.0,0.0,7.0,0.0,0.0,44.0,467.0,3.0,23.0,0.0,0.0
0.0,0.0,1.0,0.0,14.0,216.5,106.0,101.0,0.0,0.0,0.0,767.0,8.0,41.0,31.0,222.0,0.0,9.0,0.0,0.0,0.0,2.0,299.92999,71.0,29.0,0.0,0.0,0.0,1070.0,7.0,54.0,49.0,344.0,3.0,15.0,1.0,234.24799900000002,95.4,0.0,0.0,0.0,817.5,6.3,41.5,37.0,298.8,2.0,12.3,0.1,1.6
1.0,0.0,0.0,0.0,11.0,83.5,291.0,297.0,0.0,0.0,0.0,0.0,0.0,0.0,35.0,408.0,0.0,20.0,13.0,0.0,1.0,1.0,114.2,270.0,233.0,0.0,0.0,0.0,0.0,0.0,0.0,31.0,438.0,4.0,24.0,1.0,110.53399999999999,250.6,0.0,0.0,0.0,12.7,0.0,0.5,34.5,414.8,3.2,20.6,0.2,0.3
0.0,1.0,0.0,0.0,17.0,229.39,100.0,92.0,33.0,0.0,0.0,11.0,0.0,1.0,77.0,982.0,5.0,44.0,-5.0,0.0,0.0,0.0,183.89999,185.0,116.0,0.0,0.0,0.0,3.0,0.0,1.0,48.0,621.0,6.0,30.0,0.0,189.47,121.0,0.0,0.0,0.0,93.0,0.0,4.0,68.0,709.0,3.0,31.0,1.0,0.0
0.0,1.0,0.0,0.0,12.0,91.93,1860.0,283.0,0.0,0.0,0.0,0.0,0.0,0.0,33.0,434.0,1.0,22.0,0.0,0.0,0.0,0.0,114.96799959999998,1180.6,239.5,0.0,0.0,0.0,1.4,0.0,0.1,37.6,490.0,2.5,24.7,0.3,126.3799998,220.6,0.0,0.0,0.0,2.9,0.0,0.1,33.9,481.2,3.9,22.4,0.3,0.2
0.0,0.0,1.0,0.0,12.0,58.630001,2067.0,346.0,0.0,0.0,0.0,253.0,1.0,14.0,12.0,65.0,0.0,1.0,0.0,0.0,0.0,2.0,97.800003,183.0,272.0,0.0,0.0,0.0,356.0,4.0,20.0,16.0,93.0,0.0,4.0,0.0,196.8,117.0,0.0,0.0,0.0,1070.0,6.0,55.0,10.0,42.0,0.0,2.0,0.0,2.0
0.0,1.0,0.0,0.0,16.0,138.37,268.0,217.0,0.0,0.0,0.0,41.0,0.0,2.0,63.0,619.0,0.0,30.0,0.0,0.0,0.0,1.0,186.10001,117.0,114.0,0.0,0.0,0.0,91.0,0.0,6.0,58.0,600.0,5.0,33.0,0.0,153.4899979,184.9,3.5,0.1,0.0,1.2,0.0,0.1,46.3,571.8,4.1,26.8,0.2,0.4
0.0,0.0,0.0,1.0,17.0,221.03999,123.0,97.0,3641.0,12.0,17.0,334.0,2.0,22.0,0.0,0.0,0.0,0.0,0.0,0.0,2.0,5.0,291.4919966,147.1,62.1,3654.8,26.6,10.5,267.4,4.0,19.6,0.2,-0.6,0.0,0.0,3.0,258.1359999,65.5,3668.4,23.6,8.5,184.0,1.8,12.8,0.0,0.0,0.0,0.0,1.4,3.6
0.0,1.0,0.0,0.0,17.0,118.7,264.0,242.0,0.0,0.0,0.0,3.0,0.0,0.0,47.0,546.0,1.0,29.0,0.0,0.0,0.0,1.0,119.3000013,515.0,234.3,0.0,0.0,0.0,9.4,0.0,0.6,34.8,443.7,3.4,22.0,0.3,51.700001,357.0,0.0,0.0,0.0,3.0,0.0,0.0,27.0,216.0,0.0,10.0,0.0,0.0
0.0,1.0,0.0,0.0,17.0,202.47,211.0,117.0,0.0,0.0,0.0,0.0,0.0,0.0,73.0,832.0,4.0,42.0,0.0,0.0,0.0,0.0,265.20001,119.0,46.0,0.0,0.0,0.0,0.0,0.0,0.0,76.0,978.0,9.0,52.0,0.0,226.92999,85.0,0.0,0.0,0.0,0.0,0.0,0.0,62.0,779.0,9.0,41.0,0.0,0.0
1.0,0.0,0.0,0.0,16.0,307.29999,19.0,33.0,0.0,0.0,0.0,3.0,1.0,1.0,92.0,1125.0,9.0,63.0,0.0,0.0,0.0,1.0,366.56,12.0,13.0,4.0,0.0,0.0,0.0,0.0,0.0,105.0,1416.0,11.0,79.0,1.0,288.32999,32.0,0.0,0.0,0.0,4.0,1.0,1.0,97.0,1229.0,5.0,66.0,0.0,1.0
0.0,0.0,1.0,0.0,11.0,67.599998,1861.0,331.0,0.0,0.0,0.0,256.0,2.0,12.0,8.0,105.0,0.0,3.0,0.0,0.0,0.0,0.0,95.87700079999999,468.8,280.1,1.5,0.0,0.0,189.3,1.3,10.7,23.3,197.5,1.6,9.6,0.1,116.51299999999999,242.5,0.0,0.0,0.0,273.9,1.4,13.2,28.1,247.1,1.6,12.1,0.2,0.5
0.0,1.0,0.0,0.0,17.0,176.0,168.0,149.0,0.0,0.0,0.0,46.0,0.0,2.0,59.0,693.0,2.0,33.0,192.0,0.0,0.0,2.0,176.42999,152.0,133.0,0.0,0.0,0.0,31.0,0.0,2.0,41.0,560.0,4.0,23.0,2.0,217.67,98.0,0.0,0.0,0.0,17.0,0.0,1.0,26.0,538.0,6.0,18.0,0.0,2.0
0.0,0.0,1.0,0.0,13.0,42.330002,222.0,386.0,0.0,0.0,0.0,62.0,0.0,2.0,13.0,107.0,1.0,6.0,0.0,0.0,0.0,0.0,161.67,230.0,160.0,0.0,0.0,0.0,319.0,5.0,16.0,33.0,253.0,1.0,12.0,0.0,114.68099959999999,241.5,0.0,0.0,0.0,269.6,2.2,12.3,24.0,229.5,1.8,11.2,0.0,0.5
0.0,0.0,0.0,1.0,17.0,386.66,55.0,8.0,4839.0,37.0,13.0,381.0,2.0,25.0,0.0,0.0,0.0,0.0,0.0,0.0,2.0,4.0,391.39999,33.0,9.0,4740.0,38.0,6.0,308.0,2.0,21.0,0.0,0.0,0.0,0.0,2.0,298.04001,25.0,4031.0,26.0,5.0,218.0,2.0,15.0,0.0,0.0,0.0,0.0,1.0,2.0
0.0,0.0,1.0,0.0,10.0,146.3,73.0,203.0,0.0,0.0,0.0,517.0,4.0,21.0,19.0,129.0,2.0,8.0,0.0,0.0,1.0,2.0,211.10001,22.0,91.0,0.0,0.0,0.0,803.0,4.0,39.0,36.0,297.0,1.0,12.0,0.0,160.02600050000004,173.9,0.0,0.0,0.0,472.1,3.4,22.3,29.2,235.0,1.7,10.5,0.1,0.6
0.0,1.0,0.0,0.0,11.0,96.669998,143.0,275.0,0.0,0.0,0.0,0.0,0.0,0.0,26.0,430.0,3.0,18.0,0.0,0.0,0.0,0.0,154.3,245.0,168.0,0.0,0.0,0.0,13.0,0.0,1.0,33.0,690.0,6.0,27.0,1.0,87.029999,284.0,0.0,0.0,0.0,9.0,0.0,0.0,26.0,452.0,2.0,14.0,0.0,0.0
0.0,0.0,1.0,0.0,16.0,104.07,132.0,263.0,0.0,0.0,0.0,428.0,4.0,25.0,10.0,64.0,0.0,2.0,0.0,0.0,0.0,2.0,218.8,78.0,77.0,0.0,0.0,0.0,978.0,7.0,48.0,28.0,165.0,1.0,2.0,2.0,190.0,120.0,0.0,0.0,0.0,724.0,6.0,34.0,31.0,309.0,0.0,12.0,0.0,2.0
1.0,0.0,0.0,0.0,16.0,152.60001,325.0,187.0,0.0,0.0,0.0,0.0,0.0,0.0,48.0,564.0,4.0,31.0,0.0,0.0,2.0,0.0,151.60001,168.0,171.0,0.0,0.0,0.0,0.0,0.0,0.0,37.0,504.0,7.0,27.0,1.0,194.0,118.0,0.0,0.0,0.0,0.0,0.0,0.0,43.0,705.0,9.0,32.0,0.0,0.0
0.0,1.0,0.0,0.0,17.0,205.42999,2085.0,112.0,0.0,0.0,0.0,89.0,0.0,4.0,24.0,296.0,3.0,17.0,1038.0,1.0,0.0,0.0,105.2670005,1906.4,258.1,0.0,0.0,0.0,75.1,0.5,4.4,15.7,142.9,0.7,6.2,0.5,78.0,302.0,0.0,0.0,0.0,0.0,0.0,0.0,11.0,162.0,0.0,6.0,0.0,1.0
0.0,1.0,0.0,0.0,17.0,107.13,217.0,256.0,0.0,0.0,0.0,6.0,0.0,0.0,33.0,353.0,4.0,18.0,0.0,0.0,0.0,0.0,134.6139997,353.9,201.8,0.0,0.0,0.1,8.6,0.2,0.3,45.7,534.8,3.0,28.3,0.5,163.5430015,172.9,0.0,0.0,0.0,12.2,0.0,0.6,50.8,656.6,4.1,33.7,0.3,0.2
0.0,0.0,1.0,0.0,16.0,422.23001,5.0,4.0,0.0,0.0,0.0,911.0,12.0,53.0,70.0,647.0,8.0,31.0,0.0,0.0,2.0,3.0,199.87,16.0,98.0,0.0,0.0,0.0,530.0,1.0,26.0,54.0,403.0,2.0,20.0,0.0,359.89999,5.0,0.0,0.0,0.0,557.0,3.0,32.0,92.0,993.0,8.0,42.0,0.0,2.0
0.0,0.0,0.0,1.0,17.0,408.76001,54.0,5.0,5014.0,38.0,15.0,302.0,3.0,28.0,0.0,0.0,0.0,0.0,0.0,0.0,6.0,1.0,342.84,79.0,16.0,4336.0,31.0,10.0,234.0,5.0,20.0,0.0,0.0,0.0,0.0,1.0,264.07999900000004,53.5,3626.5,23.0,7.7,203.2,2.7,14.5,0.0,0.0,0.0,0.0,1.4,3.0
1.0,0.0,0.0,0.0,14.0,71.669998,1853.0,326.0,0.0,0.0,0.0,0.0,0.0,0.0,20.0,190.0,3.0,13.0,0.0,0.0,1.0,0.0,52.599998,221.0,369.0,0.0,0.0,0.0,0.0,0.0,0.0,10.0,159.0,3.0,8.0,0.0,95.45700000000001,270.8,2.0,0.0,0.0,57.1,0.5,2.4,27.5,329.5,2.3,16.5,0.1,0.2
0.0,1.0,0.0,0.0,16.0,114.47,1869.0,251.0,0.0,0.0,0.0,34.0,0.0,2.0,31.0,448.0,3.0,21.0,32.0,0.0,0.0,0.0,104.07,1803.0,258.0,0.0,0.0,0.0,0.0,0.0,0.0,28.0,511.0,3.0,18.0,0.0,95.1690007,272.4,2.0,0.0,0.0,14.1,0.3,0.8,26.8,339.6,2.3,16.8,0.2,0.1
0.0,1.0,0.0,0.0,16.0,297.87,30.0,39.0,0.0,0.0,0.0,0.0,0.0,0.0,106.0,1138.0,6.0,66.0,0.0,0.0,1.0,0.0,289.03,26.0,35.0,0.0,0.0,0.0,-1.0,0.0,0.0,100.0,992.0,8.0,61.0,2.0,297.53,26.0,0.0,0.0,0.0,16.0,0.0,1.0,104.0,1199.0,6.0,63.0,0.0,0.0
0.0,1.0,0.0,0.0,16.0,277.39999,39.0,50.0,0.0,0.0,0.0,0.0,0.0,0.0,76.0,1146.0,9.0,51.0,0.0,0.0,1.0,0.0,173.5,126.0,137.0,0.0,0.0,0.0,1.0,0.0,0.0,48.0,756.0,5.0,35.0,0.0,172.92999,141.0,0.0,0.0,0.0,2.0,0.0,0.0,49.0,1001.0,2.0,41.0,0.0,0.0
1.0,0.0,0.0,0.0,15.0,137.87,150.0,218.0,0.0,0.0,0.0,20.0,0.0,2.0,48.0,478.0,4.0,26.0,0.0,0.0,0.0,2.0,104.0,149.0,260.0,0.0,0.0,0.0,2.0,1.0,1.0,41.0,417.0,1.0,24.0,1.0,102.2,254.0,0.0,0.0,0.0,0.0,0.0,0.0,37.0,408.0,2.0,22.0,0.0,0.0
1.0,0.0,0.0,0.0,15.0,171.33,145.0,161.0,0.0,0.0,0.0,0.0,0.0,0.0,61.0,560.0,5.0,33.0,0.0,0.0,0.0,0.0,147.83,73.0,174.0,0.0,0.0,0.0,1.0,0.0,0.0,44.0,521.0,5.0,27.0,0.0,177.92999,134.0,0.0,0.0,0.0,0.0,0.0,0.0,69.0,734.0,3.0,36.0,0.0,0.0
0.0,0.0,1.0,0.0,12.0,210.53,102.0,108.0,0.0,0.0,0.0,688.0,5.0,39.0,29.0,176.0,3.0,8.0,0.0,0.0,0.0,0.0,165.0,40.0,151.0,0.0,0.0,0.0,624.0,5.0,40.0,16.0,159.0,1.0,8.0,0.0,171.61299809999997,158.5,0.0,0.0,0.0,585.7,3.2,28.7,28.7,221.6,2.0,9.8,0.1,0.8
0.0,1.0,0.0,0.0,17.0,186.47,195.0,131.0,0.0,0.0,0.0,20.0,0.0,1.0,50.0,802.0,6.0,32.0,0.0,0.0,0.0,0.0,170.2890002,174.2,150.3,9.8,0.3,0.0,6.7,0.0,0.3,56.2,670.9,3.8,36.0,0.1,159.187,171.3,0.0,0.0,0.0,2.9,0.1,0.2,52.4,606.1,4.5,30.6,0.2,0.8
0.0,1.0,0.0,0.0,12.0,97.330002,45.0,273.0,0.0,0.0,0.0,0.0,0.0,0.0,38.0,410.0,1.0,22.0,0.0,0.0,1.0,0.0,301.23001,25.0,27.0,0.0,0.0,0.0,-1.0,0.0,0.0,102.0,1250.0,6.0,68.0,0.0,293.67001,28.0,0.0,0.0,0.0,2.0,0.0,0.0,98.0,1147.0,7.0,63.0,0.0,0.0
0.0,0.0,0.0,1.0,17.0,337.73999,93.0,19.0,4886.0,41.0,17.0,43.0,0.0,8.0,0.0,0.0,0.0,0.0,0.0,0.0,2.0,2.0,272.56,101.0,42.0,4084.0,26.0,10.0,112.0,0.0,12.0,0.0,0.0,0.0,0.0,1.0,171.56,143.0,2499.0,19.0,5.0,66.0,0.0,5.0,0.0,0.0,0.0,0.0,0.0,3.0
0.0,1.0,0.0,0.0,14.0,149.2,206.0,196.0,0.0,0.0,0.0,14.0,0.0,1.0,44.0,537.0,5.0,27.0,0.0,0.0,0.0,0.0,99.190002,63.0,269.0,18.0,0.0,0.0,72.0,1.0,2.0,23.0,319.0,3.0,17.0,0.0,219.2,94.0,20.0,0.0,0.0,10.0,0.0,1.0,74.0,1035.0,4.0,44.0,0.0,1.0
0.0,1.0,0.0,0.0,17.0,499.39999,3.0,1.0,0.0,0.0,0.0,18.0,0.0,1.0,145.0,1947.0,16.0,89.0,28.0,0.0,1.0,0.0,235.23,43.0,64.0,0.0,0.0,0.0,33.0,0.0,3.0,92.0,974.0,3.0,45.0,1.0,302.79999,23.0,0.0,0.0,0.0,4.0,0.0,0.0,94.0,1161.0,10.0,51.0,0.0,0.0
0.0,0.0,1.0,0.0,15.0,273.39999,49.0,53.0,0.0,0.0,0.0,872.0,9.0,45.0,54.0,348.0,0.0,14.0,0.0,0.0,0.0,2.0,269.37,44.0,45.0,0.0,0.0,0.0,1065.0,12.0,61.0,33.0,238.0,0.0,9.0,2.0,233.07001,77.0,0.0,0.0,0.0,1150.0,7.0,53.0,20.0,166.0,0.0,8.0,0.0,1.0
0.0,1.0,0.0,0.0,17.0,323.79999,87.0,25.0,0.0,0.0,0.0,3.0,0.0,0.0,103.0,1038.0,9.0,51.0,303.0,0.0,0.0,1.0,172.23,263.0,139.0,0.0,0.0,0.0,0.0,0.0,0.0,56.0,656.0,2.0,32.0,1.0,156.13,159.0,0.0,0.0,0.0,0.0,0.0,0.0,49.0,605.0,4.0,31.0,0.0,0.0
0.0,0.0,0.0,1.0,17.0,265.95999,105.0,58.0,4804.0,23.0,14.0,108.0,0.0,9.0,0.0,0.0,0.0,0.0,0.0,0.0,0.0,5.0,282.12,161.0,38.0,4103.0,27.0,9.0,140.0,3.0,16.0,0.0,0.0,0.0,0.0,8.0,247.36,65.0,4054.0,21.0,8.0,82.0,2.0,7.0,0.0,0.0,0.0,0.0,0.0,3.0
0.0,1.0,0.0,0.0,15.0,99.93,1863.0,266.0,0.0,0.0,0.0,0.0,0.0,0.0,28.0,449.0,1.0,20.0,140.0,0.0,0.0,0.0,92.6379995,1461.8,281.7,0.0,0.0,0.0,1.2,0.0,0.1,28.8,364.6,1.9,17.9,0.1,102.67,253.0,0.0,0.0,0.0,6.0,0.0,0.0,24.0,361.0,3.0,19.0,0.0,0.0
0.0,0.0,1.0,0.0,17.0,153.8,1862.0,185.0,0.0,0.0,0.0,226.0,1.0,12.0,41.0,405.0,2.0,21.0,62.0,0.0,1.0,0.0,81.30500070000001,1510.9,304.8,0.0,0.0,0.0,74.0,0.2,3.5,22.9,265.7,1.1,12.8,0.0,105.7,246.0,0.0,0.0,0.0,68.0,3.0,5.0,9.0,111.0,1.0,6.0,0.0,0.0
0.0,0.0,1.0,0.0,12.0,141.0,250.0,213.0,0.0,0.0,0.0,254.0,2.0,15.0,30.0,291.0,1.0,12.0,192.0,0.0,0.0,0.0,231.63,95.0,69.0,0.0,0.0,0.0,955.0,10.0,59.0,25.0,137.0,0.0,5.0,1.0,251.2,55.0,0.0,0.0,0.0,817.0,8.0,48.0,50.0,345.0,0.0,15.0,1.0,1.0
0.0,1.0,0.0,0.0,17.0,79.900002,1897.0,301.0,0.0,0.0,0.0,0.0,0.0,0.0,25.0,264.0,3.0,13.0,3.0,0.0,0.0,0.0,124.87,1785.0,218.0,0.0,0.0,0.0,0.0,0.0,0.0,45.0,466.0,3.0,26.0,1.0,112.93,237.0,0.0,0.0,0.0,0.0,0.0,0.0,32.0,449.0,4.0,19.0,0.0,0.0
0.0,0.0,1.0,0.0,17.0,167.47,2308.0,165.0,0.0,0.0,0.0,166.0,0.0,8.0,38.0,289.0,1.0,13.0,646.0,0.0,0.0,0.0,75.269997,2365.0,314.0,0.0,0.0,0.0,42.0,0.0,4.0,8.0,58.0,2.0,4.0,0.0,79.870003,299.0,0.0,0.0,0.0,115.0,0.0,4.0,15.0,88.0,1.0,5.0,0.0,1.0
0.0,1.0,0.0,0.0,17.0,71.870003,2096.0,324.0,0.0,0.0,0.0,0.0,0.0,0.0,14.0,223.0,4.0,11.0,0.0,0.0,0.0,0.0,81.8410001,1289.0,303.9,0.0,0.0,0.0,59.6,0.6,3.9,23.2,258.3,2.1,12.2,0.1,110.4200001,243.7,2.0,0.0,0.0,57.2,0.5,2.5,32.1,394.8,2.8,19.3,0.2,0.2
1.0,0.0,0.0,0.0,11.0,146.33,52.0,202.0,0.0,0.0,0.0,0.0,0.0,0.0,55.0,665.0,2.0,31.0,0.0,0.0,0.0,0.0,325.73001,27.0,19.0,0.0,0.0,0.0,0.0,0.0,0.0,107.0,1196.0,9.0,69.0,2.0,241.83,69.0,0.0,0.0,0.0,5.0,0.0,0.0,90.0,1145.0,3.0,53.0,0.0,1.0
1.0,0.0,0.0,0.0,17.0,94.870003,282.0,276.0,0.0,0.0,0.0,0.0,0.0,0.0,30.0,373.0,3.0,16.0,0.0,0.0,0.0,0.0,111.7229994,822.6,251.7,2.8,0.0,0.0,1.3,0.0,0.2,35.8,439.2,3.1,22.0,0.3,86.599998,286.0,0.0,0.0,0.0,0.0,0.0,0.0,21.0,174.0,5.0,14.0,0.0,0.0
0.0,1.0,0.0,0.0,16.0,398.53,13.0,6.0,0.0,0.0,0.0,0.0,0.0,0.0,123.0,1553.0,11.0,84.0,0.0,0.0,0.0,0.0,421.60001,19.0,2.0,0.0,0.0,0.0,0.0,0.0,0.0,115.0,1374.0,18.0,73.0,1.0,243.47,66.0,0.0,0.0,0.0,0.0,0.0,0.0,83.0,997.0,5.0,54.0,1.0,1.0
0.0,0.0,0.0,1.0,13.0,193.92,119.0,122.0,2653.0,16.0,10.0,128.0,3.0,13.0,0.0,0.0,0.0,0.0,0.0,0.0,1.0,1.0,142.46001,165.0,184.0,1814.0,11.0,5.0,109.0,3.0,13.0,0.0,0.0,0.0,0.0,1.0,271.852998,65.0,3403.0,23.6,11.9,290.4,2.5,21.4,2.0,23.6,0.6,1.4,1.6,4.2
1.0,0.0,0.0,0.0,17.0,182.0,129.0,140.0,0.0,0.0,0.0,0.0,0.0,0.0,73.0,780.0,2.0,39.0,0.0,0.0,1.0,0.0,183.87,113.0,117.0,0.0,0.0,0.0,0.0,0.0,0.0,53.0,703.0,6.0,36.0,0.0,152.0,163.0,0.0,0.0,0.0,0.0,0.0,0.0,51.0,570.0,5.0,25.0,0.0,1.0
0.0,0.0,0.0,1.0,14.0,218.67999,319.0,100.0,3052.0,18.0,7.0,106.0,2.0,16.0,0.0,0.0,0.0,0.0,0.0,0.0,1.0,1.0,249.22,314.0,53.0,3733.0,15.0,11.0,279.0,5.0,18.0,0.0,0.0,0.0,0.0,3.0,94.459999,269.0,1384.0,9.0,2.0,31.0,0.0,4.0,0.0,0.0,0.0,0.0,0.0,0.0
0.0,1.0,0.0,0.0,17.0,352.20001,26.0,14.0,0.0,0.0,0.0,96.0,0.0,4.0,111.0,1239.0,9.0,75.0,0.0,0.0,0.0,1.0,374.37,9.0,11.0,0.0,0.0,0.0,123.0,2.0,5.0,87.0,1276.0,15.0,57.0,0.0,213.63,100.0,0.0,0.0,0.0,23.0,0.0,1.0,58.0,860.0,7.0,39.0,0.0,0.0
0.0,1.0,0.0,0.0,16.0,303.26999,41.0,35.0,0.0,0.0,0.0,3.0,1.0,1.0,104.0,1015.0,6.0,59.0,193.0,0.0,0.0,1.0,226.92000199999998,89.6,89.9,0.0,0.0,0.0,18.7,0.1,0.9,67.7,897.9,5.9,44.0,0.5,231.85899999999998,85.6,0.0,0.0,0.0,13.1,0.1,0.8,69.4,968.4,5.9,47.8,0.3,0.5
0.0,0.0,1.0,0.0,17.0,208.03,175.0,111.0,0.0,0.0,0.0,845.0,4.0,49.0,21.0,128.0,1.0,6.0,90.0,0.0,0.0,1.0,95.5,176.0,275.0,0.0,0.0,0.0,449.0,1.0,19.0,7.0,114.0,1.0,5.0,0.0,197.47,116.0,0.0,0.0,0.0,912.0,7.0,55.0,12.0,94.0,0.0,7.0,0.0,1.0
0.0,1.0,0.0,0.0,16.0,171.35001,327.0,160.0,88.0,0.0,0.0,11.0,0.0,1.0,45.0,602.0,6.0,27.0,36.0,0.0,1.0,0.0,138.6430035,330.6,202.7,3.8,0.1,0.0,17.3,0.1,0.9,42.2,498.3,3.4,25.5,0.1,163.35999980000003,173.0,5.5,0.1,0.0,1.8,0.0,0.3,53.5,667.8,4.1,30.7,0.4,0.3
0.0,0.0,1.0,0.0,12.0,175.92999,69.0,150.0,0.0,0.0,0.0,592.0,2.0,32.0,43.0,311.0,0.0,11.0,0.0,0.0,0.0,1.0,245.3,64.0,56.0,0.0,0.0,0.0,448.0,1.0,22.0,53.0,402.0,4.0,21.0,0.0,90.300003,279.0,0.0,0.0,0.0,303.0,4.0,12.0,12.0,105.0,1.0,5.0,0.0,0.0
0.0,0.0,1.0,0.0,17.0,214.7,220.0,103.0,0.0,0.0,0.0,612.0,3.0,25.0,49.0,234.0,4.0,13.0,29.0,0.0,0.0,1.0,188.27,47.0,111.0,0.0,0.0,0.0,584.0,3.0,27.0,41.0,388.0,2.0,12.0,2.0,163.3559981,169.9,0.0,0.0,0.0,512.4,2.7,24.0,31.2,240.7,2.1,10.8,0.1,0.7
0.0,0.0,1.0,0.0,12.0,46.700001,2046.0,375.0,0.0,0.0,0.0,149.0,0.0,8.0,12.0,117.0,0.0,4.0,0.0,0.0,0.0,0.0,80.970001,203.0,302.0,0.0,0.0,0.0,319.0,3.0,18.0,11.0,61.0,0.0,2.0,0.0,112.82300049999999,250.1,2.0,0.0,0.0,306.0,1.4,14.5,27.3,218.3,1.1,10.4,0.2,0.6
1.0,0.0,0.0,0.0,17.0,75.099998,1876.0,311.0,0.0,0.0,0.0,3.0,0.0,2.0,34.0,357.0,0.0,15.0,0.0,0.0,0.0,0.0,69.370003,1816.0,326.0,0.0,0.0,0.0,0.0,0.0,0.0,26.0,208.0,2.0,13.0,0.0,95.1690007,272.4,2.0,0.0,0.0,14.1,0.3,0.8,26.8,339.6,2.3,16.8,0.2,0.1
0.0,1.0,0.0,0.0,17.0,179.97,178.0,143.0,0.0,0.0,0.0,10.0,0.0,1.0,50.0,655.0,7.0,26.0,23.0,0.0,0.0,0.0,162.51300120000002,133.6,174.8,7.4,0.1,0.0,2.1,0.1,0.4,55.4,624.7,3.7,32.6,0.6,192.4819998,135.4,6.1,0.2,0.1,15.0,0.1,1.0,64.1,808.0,3.9,39.1,0.3,0.3
0.0,0.0,0.0,1.0,16.0,308.34,101.0,32.0,4221.0,33.0,7.0,115.0,1.0,8.0,0.0,0.0,0.0,0.0,0.0,0.0,0.0,2.0,320.20001,111.0,21.0,4265.0,35.0,13.0,156.0,1.0,16.0,0.0,0.0,0.0,0.0,5.0,250.42,57.0,3603.0,26.0,6.0,63.0,1.0,8.0,0.0,0.0,0.0,0.0,1.0,3.0
0.0,0.0,1.0,0.0,16.0,160.10001,108.0,178.0,0.0,0.0,0.0,491.0,3.0,28.0,32.0,228.0,1.0,10.0,18.0,0.0,0.0,1.0,109.73,120.0,243.0,0.0,0.0,0.0,434.0,2.0,24.0,13.0,125.0,1.0,5.0,0.0,85.669998,290.0,0.0,0.0,0.0,462.0,1.0,19.0,10.0,82.0,0.0,3.0,0.0,1.0
0.0,1.0,0.0,0.0,17.0,372.53,2.0,11.0,35.0,0.0,0.0,14.0,0.0,1.0,108.0,1616.0,10.0,75.0,0.0,0.0,0.0,1.0,299.53,18.0,30.0,0.0,0.0,0.0,2.0,0.0,0.0,88.0,1400.0,7.0,58.0,0.0,250.44299700000002,67.1,0.0,0.0,0.0,19.5,0.1,1.2,76.8,1031.0,6.0,50.5,0.1,0.6
0.0,0.0,1.0,0.0,11.0,79.599998,2490.0,302.0,0.0,0.0,0.0,61.0,0.0,3.0,4.0,9.0,0.0,0.0,579.0,2.0,0.0,0.0,90.3429998,2103.4,286.3,0.0,0.0,0.0,59.6,0.2,3.3,12.2,105.8,0.5,4.8,0.4,93.94699999999999,273.9,0.0,0.0,0.0,134.0,1.2,6.3,19.4,183.1,1.0,8.8,0.0,0.3
0.0,1.0,0.0,0.0,14.0,52.099998,2074.0,362.0,0.0,0.0,0.0,17.0,0.0,1.0,25.0,213.0,0.0,10.0,2.0,0.0,0.0,0.0,87.18100009999999,1299.2,295.1,1.5,0.0,0.0,59.2,0.6,3.9,25.5,261.0,2.2,12.7,0.1,102.7,252.0,20.0,0.0,0.0,45.0,0.0,1.0,43.0,351.0,1.0,22.0,0.0,0.0
0.0,0.0,1.0,0.0,13.0,264.82999,6.0,60.0,0.0,0.0,0.0,1159.0,6.0,57.0,34.0,224.0,0.0,9.0,0.0,0.0,1.0,2.0,403.76999,2.0,5.0,0.0,0.0,0.0,1557.0,16.0,91.0,44.0,361.0,1.0,17.0,3.0,335.10001,12.0,0.0,0.0,0.0,1135.0,13.0,60.0,53.0,519.0,0.0,26.0,0.0,2.0
0.0,1.0,0.0,0.0,13.0,232.60001,85.0,90.0,0.0,0.0,0.0,2.0,0.0,0.0,67.0,726.0,10.0,37.0,0.0,0.0,0.0,0.0,303.17001,49.0,26.0,0.0,0.0,0.0,15.0,0.0,0.0,74.0,925.0,14.0,52.0,0.0,129.47,200.0,0.0,0.0,0.0,6.0,1.0,1.0,30.0,418.0,6.0,18.0,0.0,0.0
0.0,1.0,0.0,0.0,15.0,116.63,279.0,247.0,0.0,0.0,0.0,11.0,0.0,0.0,37.0,473.0,3.0,23.0,0.0,0.0,0.0,0.0,208.73,179.0,92.0,0.0,0.0,0.0,0.0,0.0,0.0,48.0,896.0,8.0,37.0,0.0,106.6,242.0,0.0,0.0,0.0,7.0,0.0,1.0,39.0,363.0,3.0,17.0,1.0,1.0
1.0,0.0,0.0,0.0,16.0,76.599998,289.0,307.0,0.0,0.0,0.0,40.0,0.0,2.0,28.0,294.0,1.0,15.0,0.0,0.0,0.0,0.0,165.27,131.0,150.0,0.0,0.0,0.0,4.0,1.0,1.0,41.0,448.0,8.0,25.0,0.0,115.67,228.0,0.0,0.0,0.0,78.0,0.0,2.0,35.0,439.0,3.0,16.0,0.0,0.0
0.0,1.0,0.0,0.0,17.0,204.13,142.0,115.0,45.0,0.0,0.0,9.0,0.0,0.0,83.0,866.0,2.0,42.0,7.0,0.0,2.0,1.0,155.22,198.0,166.0,43.0,2.0,0.0,9.0,0.0,0.0,59.0,729.0,0.0,37.0,1.0,66.93,325.0,0.0,0.0,0.0,0.0,0.0,0.0,26.0,359.0,0.0,17.0,0.0,0.0
0.0,1.0,0.0,0.0,17.0,197.83,183.0,119.0,25.0,1.0,0.0,125.0,0.0,7.0,55.0,800.0,5.0,27.0,0.0,0.0,0.0,1.0,146.47,342.0,176.0,0.0,0.0,0.0,0.0,0.0,0.0,49.0,667.0,2.0,35.0,0.0,118.87,217.0,0.0,0.0,0.0,0.0,0.0,0.0,30.0,358.0,5.0,23.0,1.0,0.0
0.0,1.0,0.0,0.0,10.0,54.599998,1872.0,357.0,0.0,0.0,0.0,0.0,0.0,0.0,13.0,249.0,2.0,9.0,0.0,0.0,0.0,0.0,85.7329991,889.1,296.7,0.0,0.0,0.0,0.4,0.0,0.1,27.8,320.0,2.5,17.1,0.4,106.296,257.3,0.0,0.0,0.0,17.7,0.0,1.0,31.1,400.6,3.1,18.3,0.2,0.2
0.0,0.0,1.0,0.0,15.0,264.70001,50.0,61.0,0.0,0.0,0.0,929.0,15.0,55.0,18.0,132.0,0.0,4.0,0.0,0.0,0.0,2.0,119.57,65.0,224.0,0.0,0.0,0.0,691.0,2.0,30.0,5.0,52.0,0.0,4.0,0.0,229.53199800000002,98.5,0.0,0.0,0.0,805.7,4.8,41.5,37.9,290.9,2.0,13.3,0.1,1.1
1.0,0.0,0.0,0.0,17.0,196.2,127.0,121.0,0.0,0.0,0.0,0.0,0.0,0.0,50.0,603.0,9.0,34.0,0.0,0.0,0.0,0.0,167.87,139.0,146.0,0.0,0.0,0.0,0.0,0.0,0.0,60.0,613.0,4.0,35.0,0.0,174.47,140.0,0.0,0.0,0.0,0.0,0.0,0.0,55.0,652.0,5.0,36.0,1.0,1.0
0.0,0.0,0.0,1.0,17.0,246.94,165.0,75.0,3801.0,22.0,13.0,129.0,0.0,22.0,0.0,0.0,0.0,0.0,0.0,0.0,2.0,3.0,280.59699659999995,121.5,75.6,3467.1,26.0,9.8,248.8,3.8,18.6,0.3,0.5,0.1,0.1,3.0,283.76800000000003,39.3,4020.2,25.7,9.4,208.6,2.1,14.3,0.0,0.0,0.0,0.0,1.5,3.8
0.0,1.0,0.0,0.0,10.0,119.33,130.0,241.0,0.0,0.0,0.0,0.0,0.0,0.0,40.0,515.0,2.0,29.0,0.0,0.0,0.0,0.0,192.87,122.0,106.0,0.0,0.0,0.0,0.0,0.0,0.0,63.0,793.0,4.0,45.0,0.0,282.13,37.0,0.0,0.0,0.0,0.0,0.0,0.0,72.0,1202.0,9.0,58.0,0.0,0.0
0.0,0.0,1.0,0.0,12.0,146.8,77.0,201.0,0.0,0.0,0.0,606.0,5.0,33.0,14.0,123.0,0.0,3.0,0.0,0.0,0.0,1.0,145.255001,305.3,204.9,0.0,0.0,0.0,515.8,2.9,26.3,22.0,170.5,0.9,7.2,0.4,172.8269991,166.1,0.0,0.0,0.0,563.9,3.9,25.8,29.2,259.0,1.8,11.5,0.3,0.8
0.0,0.0,1.0,0.0,14.0,134.2,192.0,227.0,0.0,0.0,0.0,554.0,2.0,22.0,27.0,162.0,0.0,9.0,0.0,0.0,0.0,1.0,63.23,181.0,343.0,0.0,0.0,0.0,299.0,2.0,14.0,6.0,50.0,0.0,2.0,0.0,293.26999,30.0,0.0,0.0,0.0,1018.0,10.0,53.0,26.0,247.0,5.0,16.0,2.0,2.0
0.0,1.0,0.0,0.0,12.0,151.0,147.0,189.0,0.0,0.0,0.0,40.0,2.0,4.0,52.0,570.0,2.0,29.0,0.0,0.0,0.0,2.0,212.96001,108.0,87.0,74.0,1.0,0.0,10.0,1.0,3.0,72.0,840.0,3.0,46.0,0.0,271.57001,43.0,0.0,0.0,0.0,10.0,0.0,1.0,83.0,1174.0,6.0,55.0,0.0,0.0
1.0,0.0,0.0,0.0,14.0,67.599998,1871.0,330.0,0.0,0.0,0.0,0.0,0.0,0.0,13.0,159.0,4.0,12.0,0.0,0.0,0.0,0.0,100.57299979999999,749.4,270.8,1.5,0.0,0.0,41.6,0.3,2.4,29.9,311.6,3.1,16.0,0.4,92.45600019999999,278.4,0.0,0.0,0.0,18.2,0.0,1.0,29.1,352.0,2.4,16.9,0.2,0.2
0.0,1.0,0.0,0.0,17.0,172.73,273.0,155.0,0.0,0.0,0.0,0.0,0.0,0.0,46.0,698.0,6.0,32.0,2.0,0.0,0.0,0.0,66.800003,260.0,331.0,0.0,0.0,0.0,0.0,0.0,0.0,21.0,213.0,0.0,10.0,0.0,162.06500050000002,180.9,5.8,0.0,0.0,6.0,0.0,0.4,49.6,668.9,4.5,31.1,0.1,0.3
0.0,1.0,0.0,0.0,11.0,99.129997,281.0,267.0,0.0,0.0,0.0,0.0,0.0,0.0,32.0,377.0,3.0,18.0,0.0,0.0,0.0,0.0,118.17,175.0,227.0,0.0,0.0,0.0,3.0,0.0,0.0,34.0,448.0,4.0,22.0,0.0,90.599998,278.0,0.0,0.0,0.0,0.0,0.0,0.0,18.0,234.0,5.0,17.0,0.0,0.0
0.0,0.0,1.0,0.0,13.0,294.97,21.0,40.0,0.0,0.0,0.0,898.0,4.0,42.0,47.0,439.0,5.0,20.0,29.0,0.0,0.0,0.0,428.0,4.0,1.0,0.0,0.0,0.0,932.0,16.0,58.0,83.0,756.0,5.0,35.0,0.0,285.75,34.0,13.0,0.0,0.0,797.0,5.0,32.0,81.0,533.0,1.0,28.0,0.0,1.0
1.0,0.0,0.0,1.0,12.0,149.99001,333.0,194.0,978.0,4.0,5.0,374.0,5.0,26.0,4.0,52.0,0.0,4.0,0.0,0.0,0.0,0.0,177.35001,186.0,130.0,928.0,4.0,2.0,457.0,8.0,34.0,8.0,98.0,1.0,4.0,5.0,129.60001,199.0,55.0,0.0,0.0,156.0,1.0,10.0,19.0,234.0,6.0,14.0,0.0,0.0
0.0,1.0,0.0,0.0,13.0,213.0,337.0,104.0,0.0,0.0,0.0,41.0,0.0,1.0,36.0,570.0,3.0,23.0,889.0,0.0,0.0,1.0,168.600999,868.3,156.1,1.2,0.1,0.0,173.9,1.6,10.5,37.7,394.7,2.5,19.8,0.4,140.8720004,204.7,0.0,0.0,0.0,164.0,1.2,9.4,28.3,324.2,2.2,14.0,0.2,0.6
0.0,0.0,0.0,1.0,7.0,134.39999,158.0,226.0,1170.0,14.0,3.0,166.0,1.0,17.0,0.0,0.0,0.0,0.0,0.0,0.0,0.0,1.0,130.50100289999997,714.7,224.3,0.0,0.0,0.0,271.2,2.2,14.6,27.4,259.8,2.1,12.7,0.2,321.35999,13.0,5109.0,33.0,30.0,250.0,1.0,18.0,0.0,0.0,0.0,0.0,4.0,5.0
1.0,0.0,0.0,0.0,13.0,71.529999,283.0,327.0,0.0,0.0,0.0,0.0,0.0,0.0,27.0,263.0,2.0,13.0,0.0,0.0,0.0,1.0,43.400002,125.0,387.0,0.0,0.0,0.0,0.0,0.0,0.0,15.0,171.0,1.0,9.0,0.0,124.94399920000001,235.5,0.0,0.0,0.0,2.6,0.0,0.1,36.9,477.5,4.0,23.8,0.2,0.4
0.0,0.0,0.0,1.0,8.0,86.199997,1916.0,293.0,1515.0,8.0,9.0,76.0,0.0,2.0,0.0,0.0,0.0,0.0,0.0,0.0,2.0,1.0,148.0,329.0,175.0,2170.0,14.0,8.0,114.0,0.0,11.0,1.0,-3.0,0.0,0.0,1.0,207.78999,108.0,3494.0,16.0,14.0,73.0,4.0,12.0,1.0,-4.0,0.0,0.0,2.0,4.0
0.0,0.0,1.0,0.0,13.0,183.83,20.0,136.0,0.0,0.0,0.0,593.0,2.0,27.0,41.0,263.0,2.0,13.0,0.0,0.0,0.0,1.0,17.4,7.0,485.0,0.0,0.0,0.0,34.0,0.0,1.0,6.0,60.0,0.0,3.0,0.0,280.5,40.0,0.0,0.0,0.0,1003.0,6.0,45.0,52.0,438.0,2.0,14.0,0.0,0.0
0.0,1.0,0.0,0.0,7.0,86.5,240.0,291.0,0.0,0.0,0.0,-9.0,0.0,0.0,36.0,366.0,1.0,19.0,0.0,0.0,0.0,0.0,183.63,162.0,118.0,0.0,0.0,0.0,49.0,1.0,2.0,66.0,656.0,3.0,37.0,0.0,160.60001,155.0,0.0,0.0,0.0,72.0,0.0,3.0,57.0,576.0,3.0,29.0,1.0,0.0
0.0,0.0,0.0,1.0,11.0,183.99001,138.0,135.0,2428.0,10.0,7.0,298.0,2.0,16.0,1.0,16.0,0.0,1.0,0.0,0.0,3.0,3.0,195.02,134.0,104.0,2943.0,11.0,10.0,423.0,1.0,17.0,0.0,0.0,0.0,0.0,6.0,231.98,79.0,3027.0,24.0,12.0,279.0,2.0,21.0,0.0,0.0,0.0,0.0,2.0,11.0
0.0,0.0,0.0,1.0,6.0,88.739998,1865.0,287.0,966.0,5.0,5.0,151.0,3.0,7.0,0.0,0.0,0.0,0.0,0.0,0.0,0.0,0.0,103.93000140000001,409.3,263.5,218.5,1.4,0.8,179.9,1.2,10.9,20.9,175.2,1.8,9.0,0.4,125.65899900000002,230.8,349.4,1.6,1.4,281.2,1.8,14.4,24.8,214.7,1.1,10.2,0.3,0.9
0.0,0.0,1.0,0.0,16.0,179.17,338.0,145.0,0.0,0.0,0.0,593.0,2.0,31.0,40.0,268.0,1.0,11.0,0.0,0.0,0.0,0.0,100.3,196.0,265.0,0.0,0.0,0.0,423.0,3.0,21.0,17.0,84.0,0.0,2.0,0.0,164.1909991,168.6,0.0,0.0,0.0,535.8,4.3,29.4,25.6,204.0,1.7,9.8,0.2,0.9
0.0,1.0,0.0,0.0,10.0,89.360001,115.0,286.0,19.0,0.0,0.0,6.0,0.0,0.0,39.0,420.0,0.0,21.0,0.0,0.0,0.0,0.0,151.813001,279.2,187.6,0.0,0.0,0.0,4.0,0.2,0.3,48.6,646.7,3.3,32.6,0.3,207.51600089999997,122.5,0.0,0.0,0.0,1.5,0.0,0.0,62.5,875.5,5.4,43.3,0.1,0.1
0.0,0.0,1.0,0.0,9.0,56.0,286.0,353.0,0.0,0.0,0.0,125.0,1.0,5.0,7.0,72.0,2.0,4.0,27.0,0.0,0.0,1.0,54.799999,286.0,361.0,0.0,0.0,0.0,254.0,0.0,11.0,9.0,96.0,0.0,5.0,1.0,128.3,203.0,0.0,0.0,0.0,623.0,1.0,23.0,19.0,120.0,1.0,6.0,0.0,1.0
1.0,0.0,0.0,0.0,13.0,46.57,1895.0,376.0,0.0,0.0,0.0,3.0,0.0,1.0,24.0,214.0,0.0,11.0,0.0,0.0,0.0,2.0,93.269997,369.0,280.0,0.0,0.0,0.0,4.0,0.0,1.0,37.0,403.0,1.0,20.0,0.0,100.87,258.0,0.0,0.0,0.0,0.0,0.0,0.0,36.0,418.0,2.0,21.0,0.0,0.0
0.0,1.0,0.0,0.0,14.0,98.730003,140.0,269.0,0.0,0.0,0.0,0.0,0.0,0.0,37.0,521.0,0.0,27.0,0.0,0.0,0.0,0.0,74.529999,57.0,316.0,0.0,0.0,0.0,0.0,0.0,0.0,20.0,338.0,2.0,16.0,0.0,282.32999,36.0,0.0,0.0,0.0,0.0,0.0,0.0,65.0,1190.0,11.0,52.0,0.0,1.0
0.0,0.0,0.0,0.0,13.0,78.07,278.0,305.0,0.0,0.0,0.0,0.0,0.0,0.0,30.0,271.0,2.0,14.0,0.0,0.0,0.0,0.0,109.86399999999999,679.2,252.3,2.8,0.0,0.0,1.3,0.0,0.2,36.7,420.3,2.9,22.1,0.3,69.269997,324.0,0.0,0.0,0.0,0.0,0.0,0.0,14.0,229.0,4.0,10.0,0.0,1.0
1.0,1.0,0.0,0.0,13.0,75.300003,1883.0,309.0,0.0,0.0,0.0,-13.0,0.0,0.0,26.0,339.0,2.0,14.0,0.0,0.0,0.0,1.0,161.97,182.0,158.0,0.0,0.0,0.0,-1.0,0.0,0.0,50.0,751.0,3.0,40.0,1.0,212.23,102.0,0.0,0.0,0.0,0.0,0.0,0.0,48.0,740.0,8.0,32.0,0.0,0.0
0.0,1.0,0.0,0.0,6.0,41.599998,2522.0,389.0,0.0,0.0,0.0,6.0,0.0,0.0,4.0,51.0,0.0,3.0,306.0,0.0,0.0,0.0,72.1810002,1784.1,323.3,0.0,0.0,0.0,102.3,0.8,6.4,13.9,145.2,1.0,6.1,0.0,102.94399969999999,257.7,2.0,0.0,0.0,187.6,1.7,8.6,25.3,221.3,1.3,11.3,0.0,0.3
0.0,0.0,0.0,1.0,13.0,161.86,210.0,176.0,2334.0,9.0,11.0,185.0,4.0,10.0,0.0,0.0,0.0,0.0,0.0,0.0,2.0,1.0,233.612,147.0,94.6,2886.3,18.0,9.9,344.0,3.3,22.2,0.2,0.9,0.0,0.1,3.4,266.24099689999997,73.6,3522.7,24.1,11.8,282.2,2.5,19.8,0.1,0.2,0.0,0.0,1.4,4.2
1.0,0.0,0.0,0.0,17.0,150.53,329.0,193.0,0.0,0.0,0.0,0.0,0.0,0.0,61.0,593.0,3.0,26.0,0.0,0.0,0.0,0.0,50.93,1791.0,372.0,0.0,0.0,0.0,0.0,0.0,0.0,19.0,194.0,1.0,11.0,0.0,86.47100070000002,298.2,3.8,0.0,0.0,6.9,0.2,0.4,25.0,290.1,2.5,14.6,0.0,0.1
0.0,0.0,1.0,0.0,11.0,102.57,2319.0,265.0,0.0,0.0,0.0,356.0,0.0,19.0,11.0,49.0,0.0,2.0,317.0,0.0,0.0,0.0,74.5540003,1070.1,317.7,0.0,0.0,0.0,213.9,1.3,11.9,13.6,95.9,0.5,4.3,0.0,154.39999,161.0,0.0,0.0,0.0,544.0,6.0,26.0,21.0,180.0,1.0,9.0,0.0,0.0
0.0,0.0,1.0,0.0,16.0,147.3,1844.0,200.0,0.0,0.0,0.0,238.0,2.0,13.0,34.0,372.0,2.0,20.0,57.0,0.0,0.0,1.0,86.400002,294.0,291.0,0.0,0.0,0.0,254.0,1.0,11.0,16.0,99.0,1.0,6.0,0.0,77.370003,304.0,0.0,0.0,0.0,273.0,0.0,11.0,24.0,109.0,0.0,4.0,0.0,1.0
1.0,0.0,0.0,0.0,16.0,145.87,284.0,205.0,0.0,0.0,0.0,0.0,0.0,0.0,49.0,493.0,5.0,24.0,0.0,0.0,0.0,0.0,122.71000109999997,515.2,228.0,0.0,0.0,0.0,9.9,0.1,0.7,36.1,461.1,3.3,23.2,0.3,71.129997,320.0,0.0,0.0,0.0,0.0,0.0,0.0,27.0,242.0,2.0,12.0,0.0,0.0
0.0,0.0,0.0,1.0,4.0,46.02,1907.0,377.0,953.0,5.0,8.0,-1.0,0.0,2.0,0.0,0.0,0.0,0.0,0.0,0.0,1.0,0.0,99.6030006,440.4,273.2,218.5,1.4,0.8,117.7,0.8,7.5,22.1,200.9,2.1,10.3,0.2,122.86499919999999,230.9,351.4,1.6,1.4,158.7,1.2,8.1,30.6,275.4,1.7,14.1,0.4,0.7
0.0,1.0,0.0,0.0,11.0,157.27,76.0,183.0,0.0,0.0,0.0,54.0,1.0,3.0,43.0,538.0,5.0,24.0,0.0,0.0,0.0,0.0,181.3559977,124.2,149.0,7.4,0.1,0.0,18.6,0.4,1.4,58.4,697.5,4.4,36.7,0.7,187.42499980000002,145.4,0.6,0.1,0.1,17.3,0.1,1.0,60.5,770.1,4.1,38.7,0.2,0.1
0.0,1.0,0.0,0.0,9.0,119.8,176.0,240.0,0.0,0.0,0.0,0.0,0.0,0.0,34.0,492.0,4.0,23.0,0.0,0.0,0.0,1.0,217.60001,124.0,79.0,0.0,0.0,0.0,0.0,0.0,0.0,65.0,984.0,5.0,49.0,1.0,132.07001,194.0,0.0,0.0,0.0,0.0,0.0,0.0,43.0,601.0,2.0,33.0,0.0,0.0
0.0,0.0,1.0,0.0,14.0,188.57001,114.0,127.0,0.0,0.0,0.0,639.0,4.0,29.0,36.0,325.0,0.0,16.0,0.0,0.0,0.0,1.0,170.6459987,71.9,171.4,0.0,0.0,0.0,503.1,3.5,28.0,33.2,256.0,1.6,11.3,0.6,234.67000040000002,125.4,0.0,0.0,0.0,714.0,6.3,33.2,40.3,353.1,2.7,17.0,0.4,0.8
0.0,1.0,0.0,0.0,16.0,239.03,252.0,87.0,0.0,0.0,0.0,40.0,2.0,3.0,46.0,431.0,2.0,22.0,1053.0,1.0,0.0,1.0,135.47,1961.0,194.0,0.0,0.0,0.0,29.0,0.0,1.0,37.0,394.0,3.0,19.0,0.0,43.470001,380.0,0.0,0.0,0.0,0.0,0.0,0.0,6.0,115.0,0.0,3.0,0.0,1.0
0.0,0.0,1.0,0.0,12.0,150.92999,60.0,192.0,0.0,0.0,0.0,754.0,0.0,33.0,26.0,158.0,0.0,6.0,0.0,0.0,1.0,1.0,198.83,32.0,100.0,0.0,0.0,0.0,867.0,6.0,39.0,28.0,197.0,0.0,8.0,2.0,282.13,38.0,0.0,0.0,0.0,818.0,3.0,30.0,50.0,509.0,3.0,19.0,1.0,1.0
0.0,1.0,0.0,0.0,17.0,42.91,1912.0,385.0,2.0,0.0,0.0,0.0,0.0,0.0,7.0,95.0,3.0,4.0,15.0,0.0,0.0,0.0,168.53,352.0,143.0,15.0,0.0,0.0,-4.0,0.0,0.0,53.0,419.0,6.0,24.0,0.0,73.830002,313.0,0.0,0.0,0.0,5.0,0.0,0.0,28.0,254.0,1.0,18.0,0.0,0.0
0.0,1.0,0.0,0.0,17.0,136.33,302.0,220.0,0.0,0.0,0.0,32.0,0.0,3.0,33.0,299.0,2.0,13.0,482.0,0.0,0.0,0.0,104.4,167.0,256.0,0.0,0.0,0.0,26.0,0.0,2.0,31.0,396.0,1.0,19.0,0.0,148.05100069999997,189.6,2.0,0.0,0.0,15.1,0.0,0.7,43.1,571.5,3.6,26.7,0.2,0.5
1.0,0.0,0.0,0.0,15.0,187.33,79.0,130.0,0.0,0.0,0.0,0.0,0.0,0.0,56.0,830.0,4.0,42.0,0.0,0.0,1.0,0.0,132.92999,74.0,198.0,0.0,0.0,0.0,0.0,0.0,0.0,46.0,524.0,3.0,28.0,0.0,169.07001,146.0,0.0,0.0,0.0,0.0,0.0,0.0,58.0,607.0,5.0,33.0,0.0,2.0
0.0,0.0,1.0,0.0,7.0,87.870003,330.0,288.0,0.0,0.0,0.0,406.0,3.0,24.0,2.0,19.0,0.0,2.0,0.0,0.0,0.0,0.0,121.86500000000001,589.0,230.5,0.0,0.0,0.0,415.3,2.5,21.7,17.9,139.0,0.9,5.6,0.5,130.10001,197.0,0.0,0.0,0.0,525.0,6.0,28.0,10.0,69.0,1.0,3.0,0.0,0.0
0.0,1.0,0.0,0.0,17.0,208.07001,96.0,109.0,0.0,0.0,0.0,0.0,0.0,0.0,64.0,916.0,5.0,43.0,0.0,0.0,1.0,1.0,215.32099899999997,84.7,99.7,5.9,0.2,0.0,10.9,0.2,0.9,64.5,848.3,5.8,41.8,0.4,204.269999,115.7,0.0,0.0,0.0,21.5,0.1,0.8,62.4,827.7,5.7,38.2,0.2,0.7
0.0,1.0,0.0,0.0,13.0,207.92999,34.0,110.0,0.0,0.0,0.0,10.0,0.0,1.0,63.0,869.0,5.0,45.0,0.0,0.0,0.0,0.0,290.87,17.0,33.0,0.0,0.0,0.0,0.0,0.0,0.0,70.0,1075.0,11.0,55.0,1.0,237.07001,74.0,0.0,0.0,0.0,60.0,1.0,2.0,52.0,1051.0,8.0,39.0,0.0,0.0
0.0,0.0,0.0,1.0,15.0,368.16,70.0,12.0,3144.0,16.0,9.0,784.0,10.0,56.0,0.0,0.0,0.0,0.0,0.0,0.0,3.0,2.0,128.03999,75.0,210.0,1061.0,6.0,4.0,354.0,3.0,25.0,1.0,3.0,0.0,0.0,2.0,271.852998,65.0,3403.0,23.6,11.9,290.4,2.5,21.4,2.0,23.6,0.6,1.4,1.6,4.2
0.0,1.0,0.0,0.0,17.0,135.23,1855.0,222.0,0.0,0.0,0.0,3.0,0.0,0.0,43.0,647.0,1.0,25.0,138.0,0.0,1.0,0.0,108.53200050000001,1306.6,254.5,0.0,0.0,0.0,26.5,0.1,1.2,30.4,416.4,2.4,19.7,0.1,110.4200001,253.0,0.0,0.0,0.0,35.8,0.3,1.7,26.4,365.4,2.5,17.1,0.2,0.3
0.0,1.0,0.0,0.0,16.0,104.1,1867.0,262.0,0.0,0.0,0.0,21.0,0.0,0.0,38.0,384.0,3.0,15.0,14.0,0.0,0.0,1.0,157.23,305.0,165.0,0.0,0.0,0.0,0.0,0.0,0.0,44.0,629.0,5.0,29.0,0.0,181.37,131.0,0.0,0.0,0.0,16.0,0.0,1.0,41.0,607.0,5.0,29.0,1.0,0.0
0.0,0.0,1.0,0.0,16.0,163.67,133.0,169.0,0.0,0.0,0.0,291.0,5.0,19.0,33.0,253.0,1.0,14.0,137.0,0.0,1.0,1.0,182.6660013,308.9,145.5,0.0,0.0,0.0,479.1,4.0,27.8,35.6,262.9,1.9,13.3,0.3,175.93300229999997,183.0,0.0,0.0,0.0,419.0,4.0,21.4,39.0,321.5,1.0,15.6,0.2,0.6
0.0,0.0,1.0,0.0,16.0,124.13,200.0,234.0,0.0,0.0,0.0,373.0,7.0,24.0,13.0,83.0,0.0,3.0,13.0,0.0,0.0,1.0,171.53,222.0,141.0,0.0,0.0,0.0,374.0,1.0,16.0,25.0,212.0,1.0,8.0,0.0,134.3,189.0,0.0,0.0,0.0,245.0,5.0,17.0,24.0,204.0,0.0,10.0,0.0,1.0
1.0,0.0,0.0,0.0,16.0,183.13,107.0,137.0,0.0,0.0,0.0,0.0,0.0,0.0,60.0,497.0,7.0,34.0,0.0,0.0,1.0,1.0,178.85599770000002,125.9,153.0,7.4,0.1,0.0,18.6,0.4,1.4,58.1,679.5,4.4,35.7,0.7,187.42499980000002,145.4,0.6,0.1,0.1,17.3,0.1,1.0,60.5,770.1,4.1,38.7,0.2,0.1
0.0,1.0,0.0,0.0,15.0,183.92999,109.0,134.0,0.0,0.0,0.0,96.0,0.0,7.0,59.0,860.0,2.0,35.0,0.0,0.0,0.0,0.0,244.8,81.0,57.0,0.0,0.0,0.0,16.0,2.0,4.0,62.0,873.0,9.0,41.0,1.0,186.280999,139.8,3.8,0.0,0.0,12.4,0.2,0.5,55.7,755.4,5.5,34.4,0.0,0.4
0.0,0.0,1.0,0.0,17.0,375.13,9.0,10.0,0.0,0.0,0.0,1200.0,7.0,62.0,74.0,467.0,3.0,22.0,0.0,0.0,0.0,0.0,262.85399900000004,20.5,75.7,0.0,0.0,0.0,879.0,9.1,49.3,42.9,330.2,1.3,15.5,1.5,290.94399899999996,41.8,1.3,0.0,0.0,1028.0,7.0,51.7,51.4,419.9,1.6,19.3,0.0,1.7
0.0,0.0,1.0,0.0,14.0,87.699997,2069.0,289.0,0.0,0.0,0.0,156.0,0.0,6.0,28.0,240.0,1.0,11.0,31.0,0.0,0.0,0.0,48.07,2344.0,378.0,0.0,0.0,0.0,204.0,1.0,8.0,12.0,55.0,0.0,0.0,0.0,84.4190006,292.2,2.0,0.0,0.0,80.0,0.9,3.8,21.1,225.9,1.6,11.8,0.1,0.1
0.0,1.0,0.0,0.0,16.0,312.70001,42.0,30.0,0.0,0.0,0.0,53.0,0.0,2.0,107.0,1161.0,8.0,59.0,0.0,0.0,1.0,2.0,258.23001,53.0,51.0,0.0,0.0,0.0,15.0,0.0,0.0,88.0,923.0,7.0,45.0,1.0,206.23,111.0,0.0,0.0,0.0,41.0,0.0,2.0,59.0,680.0,5.0,31.0,0.0,2.0
0.0,1.0,0.0,0.0,16.0,79.470001,2544.0,303.0,0.0,0.0,0.0,9.0,0.0,0.0,2.0,31.0,0.0,2.0,725.0,0.0,0.0,0.0,103.83,2382.0,261.0,0.0,0.0,0.0,23.0,0.0,1.0,5.0,62.0,1.0,3.0,0.0,93.947,273.9,0.0,0.0,0.0,134.0,1.2,6.3,19.4,183.1,1.0,8.8,0.0,0.3
0.0,1.0,0.0,0.0,14.0,53.93,1868.0,359.0,0.0,0.0,0.0,0.0,0.0,0.0,12.0,149.0,3.0,8.0,0.0,0.0,0.0,0.0,97.9660001,585.1,276.0,1.5,0.0,0.0,41.6,0.3,2.4,29.3,303.7,2.9,16.0,0.3,49.330002,362.0,0.0,0.0,0.0,0.0,0.0,0.0,15.0,245.0,1.0,10.0,0.0,0.0
1.0,0.0,0.0,0.0,9.0,44.529999,1857.0,382.0,0.0,0.0,0.0,0.0,0.0,0.0,16.0,173.0,1.0,9.0,0.0,0.0,0.0,0.0,52.93,363.0,367.0,0.0,0.0,0.0,0.0,0.0,0.0,12.0,119.0,3.0,9.0,0.0,92.57300020000001,276.8,2.0,0.0,0.0,57.0,0.5,2.4,27.9,318.8,2.1,16.4,0.1,0.2
0.0,1.0,0.0,0.0,16.0,97.800003,1873.0,272.0,0.0,0.0,0.0,0.0,0.0,0.0,24.0,282.0,5.0,15.0,0.0,0.0,0.0,0.0,112.6739998,1021.3,243.3,0.0,0.0,0.0,1.4,0.0,0.1,37.6,460.4,2.6,23.9,0.5,116.53300000000002,240.3,0.0,0.0,0.0,2.3,0.0,0.1,32.2,437.9,3.6,20.5,0.3,0.1
0.0,1.0,0.0,0.0,7.0,45.369999,2407.0,380.0,0.0,0.0,0.0,-2.0,0.0,1.0,9.0,160.0,0.0,7.0,179.0,0.0,0.0,0.0,42.0,1962.0,388.0,0.0,0.0,0.0,0.0,0.0,0.0,14.0,255.0,0.0,11.0,0.0,64.870003,329.0,0.0,0.0,0.0,0.0,0.0,0.0,17.0,277.0,2.0,12.0,0.0,0.0
0.0,0.0,1.0,0.0,9.0,70.470001,225.0,328.0,0.0,0.0,0.0,294.0,2.0,19.0,7.0,31.0,0.0,1.0,0.0,0.0,0.0,0.0,168.87,190.0,142.0,0.0,0.0,0.0,600.0,7.0,31.0,13.0,133.0,3.0,8.0,2.0,49.77,361.0,0.0,0.0,0.0,105.0,4.0,9.0,3.0,34.0,1.0,1.0,0.0,0.0
0.0,0.0,1.0,0.0,17.0,84.93,2088.0,294.0,0.0,0.0,0.0,22.0,1.0,3.0,30.0,296.0,1.0,16.0,0.0,0.0,0.0,0.0,100.87,1960.0,263.0,0.0,0.0,0.0,64.0,2.0,12.0,19.0,202.0,4.0,10.0,0.0,56.630001,345.0,0.0,0.0,0.0,7.0,0.0,1.0,20.0,239.0,1.0,11.0,0.0,0.0
0.0,0.0,0.0,0.0,14.0,221.67,51.0,96.0,0.0,0.0,0.0,20.0,0.0,0.0,71.0,910.0,6.0,42.0,0.0,0.0,0.0,1.0,140.97,36.0,186.0,0.0,0.0,0.0,17.0,0.0,1.0,48.0,634.0,2.0,32.0,0.0,251.39999,52.0,0.0,0.0,0.0,22.0,0.0,1.0,85.0,1053.0,5.0,53.0,0.0,0.0
0.0,0.0,1.0,0.0,11.0,71.769997,2320.0,325.0,0.0,0.0,0.0,68.0,1.0,6.0,23.0,157.0,0.0,7.0,145.0,0.0,0.0,1.0,73.87100110000002,1520.0,320.1,0.0,0.0,0.0,120.6,1.0,7.0,16.7,187.5,1.3,8.1,0.0,89.67000069999999,283.6,2.0,0.0,0.0,123.9,1.1,5.8,24.9,237.0,1.3,12.0,0.0,0.2
0.0,0.0,1.0,0.0,11.0,215.42999,38.0,102.0,0.0,0.0,0.0,963.0,5.0,47.0,19.0,137.0,1.0,6.0,0.0,0.0,0.0,0.0,255.44299700000002,55.4,86.8,0.0,0.0,0.0,1031.1,7.9,53.9,33.6,243.5,1.0,11.4,1.9,245.47200199999997,87.1,0.0,0.0,0.0,955.8,7.7,49.1,31.1,267.2,1.2,11.1,0.1,1.7
0.0,1.0,0.0,0.0,17.0,210.57001,86.0,107.0,0.0,0.0,0.0,17.0,0.0,0.0,56.0,826.0,5.0,37.0,208.0,0.0,1.0,1.0,214.17,52.0,84.0,0.0,0.0,0.0,77.0,2.0,3.0,60.0,748.0,5.0,43.0,0.0,171.227998,156.3,3.8,0.0,0.0,8.5,0.1,0.5,51.5,668.8,4.4,30.4,0.0,0.7
0.0,1.0,0.0,0.0,16.0,189.27,2462.0,126.0,0.0,0.0,0.0,15.0,0.0,0.0,39.0,277.0,0.0,18.0,1143.0,0.0,0.0,1.0,128.03,2399.0,209.0,0.0,0.0,0.0,65.0,0.0,1.0,20.0,77.0,0.0,3.0,1.0,92.5759996,277.0,0.0,0.0,0.0,127.8,0.9,5.9,18.2,189.7,1.1,8.2,0.0,0.3
0.0,1.0,0.0,0.0,16.0,383.63,22.0,9.0,24.0,1.0,0.0,365.0,8.0,21.0,77.0,1405.0,6.0,51.0,75.0,0.0,0.0,2.0,89.669998,88.0,287.0,0.0,0.0,0.0,26.0,0.0,1.0,33.0,391.0,1.0,19.0,0.0,199.37,114.0,0.0,0.0,0.0,159.0,3.0,5.0,57.0,802.0,3.0,32.0,1.0,1.0
0.0,0.0,0.0,1.0,15.0,242.5,306.0,85.0,3810.0,20.0,12.0,51.0,3.0,15.0,0.0,0.0,0.0,0.0,0.0,0.0,1.0,3.0,67.339996,301.0,329.0,1096.0,7.0,5.0,25.0,0.0,3.0,0.0,0.0,0.0,0.0,0.0,258.32001,49.0,3978.0,27.0,13.0,62.0,1.0,13.0,0.0,0.0,0.0,0.0,2.0,5.0
0.0,0.0,0.0,1.0,6.0,72.919998,92.0,323.0,603.0,5.0,2.0,168.0,1.0,8.0,0.0,0.0,0.0,0.0,0.0,0.0,1.0,0.0,152.97100319999998,367.5,180.5,386.1,2.0,1.7,364.8,3.3,19.9,19.5,175.9,2.1,8.9,1.1,172.75600099999997,164.7,618.4,4.0,3.3,482.6,3.4,24.7,21.2,177.3,1.3,8.0,0.4,1.5
0.0,1.0,0.0,0.0,17.0,115.97,1914.0,248.0,0.0,0.0,0.0,32.0,0.0,2.0,25.0,343.0,4.0,12.0,189.0,0.0,0.0,0.0,59.299999,2326.0,354.0,0.0,0.0,0.0,0.0,0.0,0.0,13.0,159.0,2.0,6.0,0.0,86.09200009999999,288.9,2.0,0.0,0.0,74.8,0.8,3.6,20.7,225.2,1.6,11.6,0.1,0.2
1.0,0.0,0.0,0.0,16.0,173.67,179.0,153.0,0.0,0.0,0.0,0.0,0.0,0.0,68.0,670.0,4.0,29.0,0.0,0.0,0.0,0.0,166.87,85.0,148.0,0.0,0.0,0.0,0.0,0.0,0.0,62.0,673.0,3.0,34.0,0.0,121.27,215.0,0.0,0.0,0.0,-12.0,0.0,0.0,40.0,562.0,3.0,23.0,0.0,1.0
0.0,0.0,1.0,0.0,4.0,59.130001,323.0,344.0,0.0,0.0,0.0,232.0,3.0,11.0,6.0,29.0,0.0,1.0,0.0,0.0,0.0,1.0,233.23,37.0,67.0,0.0,0.0,0.0,681.0,5.0,43.0,37.0,287.0,4.0,14.0,0.0,298.73001,24.0,0.0,0.0,0.0,1230.0,7.0,75.0,37.0,266.0,2.0,10.0,0.0,4.0
0.0,0.0,1.0,0.0,14.0,73.830002,2318.0,317.0,0.0,0.0,0.0,177.0,1.0,7.0,16.0,161.0,0.0,8.0,44.0,1.0,0.0,0.0,66.900002,2327.0,330.0,0.0,0.0,0.0,88.0,0.0,2.0,9.0,90.0,1.0,4.0,0.0,46.029999,368.0,0.0,0.0,0.0,114.0,0.0,6.0,11.0,56.0,0.0,3.0,0.0,0.0
0.0,0.0,0.0,1.0,4.0,57.279999,293.0,349.0,702.0,5.0,1.0,42.0,1.0,3.0,0.0,0.0,0.0,0.0,0.0,0.0,0.0,1.0,156.64700059999998,202.4,175.7,388.9,2.0,1.7,237.8,2.2,13.8,28.8,282.3,3.3,15.3,0.9,161.35700100000003,189.2,912.6,5.8,3.9,357.0,2.1,19.0,18.0,164.0,1.4,8.3,0.5,1.6
0.0,0.0,1.0,0.0,17.0,146.07001,2421.0,204.0,0.0,0.0,0.0,138.0,2.0,10.0,21.0,133.0,0.0,4.0,764.0,0.0,0.0,0.0,65.199997,320.0,337.0,0.0,0.0,0.0,108.0,2.0,9.0,17.0,111.0,1.0,5.0,0.0,120.25099909999999,234.5,0.0,0.0,0.0,294.7,1.8,14.2,25.6,243.6,1.0,10.8,0.1,0.7
1.0,0.0,0.0,0.0,15.0,55.400002,1892.0,356.0,0.0,0.0,0.0,0.0,0.0,0.0,21.0,231.0,1.0,11.0,0.0,0.0,0.0,0.0,69.529999,380.0,325.0,0.0,0.0,0.0,0.0,0.0,0.0,24.0,251.0,2.0,12.0,0.0,87.169998,283.0,0.0,0.0,0.0,7.0,0.0,0.0,23.0,262.0,4.0,14.0,0.0,0.0
0.0,0.0,0.0,1.0,6.0,56.849998,296.0,350.0,787.0,2.0,2.0,53.0,2.0,5.0,1.0,1.0,0.0,0.0,0.0,0.0,0.0,1.0,188.32001,311.0,112.0,2933.0,16.0,15.0,160.0,3.0,13.0,0.0,0.0,0.0,0.0,3.0,73.0,316.0,1020.0,7.0,3.0,72.0,0.0,5.0,0.0,0.0,0.0,0.0,0.0,1.0
0.0,1.0,0.0,0.0,16.0,259.53,97.0,63.0,0.0,0.0,0.0,9.0,0.0,0.0,73.0,1175.0,8.0,41.0,3.0,0.0,1.0,0.0,308.17001,48.0,24.0,0.0,0.0,0.0,0.0,0.0,0.0,100.0,1054.0,10.0,57.0,0.0,303.47,22.0,0.0,0.0,0.0,-5.0,0.0,0.0,82.0,1057.0,8.0,53.0,0.0,0.0
0.0,0.0,1.0,0.0,10.0,151.10001,68.0,190.0,0.0,0.0,0.0,749.0,6.0,28.0,6.0,48.0,0.0,3.0,0.0,0.0,0.0,0.0,160.9659998,303.0,178.7,0.0,0.0,0.0,556.7,2.8,28.3,24.9,203.8,1.3,8.9,0.3,91.93,274.0,0.0,0.0,0.0,370.0,3.0,16.0,8.0,83.0,1.0,3.0,0.0,1.0
0.0,1.0,0.0,0.0,14.0,60.77,2094.0,343.0,0.0,0.0,0.0,-1.0,0.0,0.0,20.0,313.0,1.0,12.0,0.0,0.0,0.0,0.0,83.4039999,1427.9,301.3,0.0,0.0,0.0,28.8,0.3,2.1,25.8,305.9,2.0,14.9,0.0,44.900002,374.0,0.0,0.0,0.0,15.0,0.0,1.0,12.0,186.0,1.0,10.0,0.0,0.0
0.0,1.0,0.0,0.0,17.0,284.07001,62.0,44.0,0.0,0.0,0.0,6.0,0.0,0.0,75.0,967.0,12.0,48.0,0.0,0.0,0.0,0.0,310.87,23.0,23.0,0.0,0.0,0.0,0.0,0.0,0.0,83.0,1303.0,10.0,63.0,1.0,210.10001,105.0,0.0,0.0,0.0,11.0,0.0,0.0,58.0,900.0,7.0,39.0,1.0,3.0
0.0,0.0,1.0,0.0,8.0,51.099998,1902.0,365.0,0.0,0.0,0.0,101.0,2.0,9.0,5.0,30.0,1.0,3.0,0.0,0.0,1.0,0.0,95.0,209.0,277.0,0.0,0.0,0.0,328.0,2.0,22.0,16.0,138.0,0.0,7.0,0.0,251.63,51.0,0.0,0.0,0.0,789.0,3.0,36.0,66.0,461.0,1.0,20.0,1.0,1.0
0.0,0.0,0.0,1.0,17.0,388.73999,75.0,7.0,5316.0,43.0,12.0,81.0,2.0,14.0,0.0,0.0,0.0,0.0,0.0,0.0,0.0,3.0,337.92001,83.0,17.0,4633.0,40.0,12.0,6.0,3.0,6.0,0.0,0.0,0.0,0.0,1.0,265.67999,46.0,4057.0,24.0,8.0,34.0,3.0,8.0,0.0,0.0,0.0,0.0,1.0,1.0
0.0,1.0,0.0,0.0,17.0,75.0,2070.0,312.0,0.0,0.0,0.0,0.0,0.0,0.0,36.0,360.0,0.0,14.0,10.0,0.0,0.0,0.0,48.27,1993.0,377.0,0.0,0.0,0.0,0.0,0.0,0.0,12.0,169.0,2.0,9.0,0.0,97.9800008,267.9,2.0,0.0,0.0,63.9,0.8,3.0,25.1,307.8,2.2,15.5,0.2,0.1
0.0,1.0,0.0,0.0,14.0,182.33,99.0,138.0,0.0,0.0,0.0,0.0,0.0,0.0,66.0,770.0,4.0,37.0,0.0,0.0,0.0,2.0,213.86,195.0,85.0,39.0,1.0,0.0,9.0,0.0,1.0,72.0,786.0,4.0,50.0,0.0,110.33,240.0,0.0,0.0,0.0,12.0,0.0,0.0,49.0,446.0,1.0,25.0,0.0,1.0
0.0,1.0,0.0,0.0,14.0,274.63,104.0,51.0,0.0,0.0,0.0,21.0,1.0,4.0,98.0,1103.0,5.0,55.0,0.0,0.0,0.0,2.0,220.0,31.0,76.0,0.0,0.0,0.0,0.0,0.0,0.0,65.0,840.0,7.0,43.0,0.0,312.67001,17.0,0.0,0.0,0.0,8.0,0.0,0.0,86.0,1333.0,9.0,63.0,1.0,0.0
0.0,0.0,1.0,0.0,12.0,78.0,1879.0,306.0,0.0,0.0,0.0,58.0,0.0,3.0,23.0,123.0,3.0,8.0,60.0,0.0,0.0,0.0,188.07001,169.0,113.0,0.0,0.0,0.0,416.0,3.0,23.0,47.0,355.0,3.0,15.0,1.0,79.0,301.0,0.0,0.0,0.0,170.0,0.0,10.0,30.0,234.0,0.0,7.0,0.0,1.0
0.0,1.0,0.0,0.0,9.0,62.07,2516.0,341.0,0.0,0.0,0.0,11.0,0.0,1.0,6.0,43.0,0.0,1.0,501.0,0.0,0.0,0.0,74.9610002,1831.0,317.7,0.0,0.0,0.0,95.6,0.6,5.2,12.4,128.4,0.6,5.3,0.2,96.417,268.9,2.0,0.0,0.0,138.5,1.2,6.4,22.6,202.0,1.1,10.4,0.0,0.2
0.0,1.0,0.0,0.0,5.0,51.23,2233.0,363.0,0.0,0.0,0.0,14.0,0.0,1.0,10.0,212.0,2.0,8.0,7.0,0.0,0.0,0.0,73.744001,1482.8,320.6,0.0,0.0,0.0,103.6,1.0,6.0,16.5,190.1,1.6,8.3,0.0,88.10300070000001,285.3,2.0,0.0,0.0,74.3,0.8,3.6,25.0,284.9,1.5,14.1,0.0,0.3
0.0,1.0,0.0,0.0,7.0,139.92999,320.0,214.0,0.0,0.0,0.0,6.0,0.0,0.0,42.0,545.0,4.0,29.0,0.0,0.0,0.0,0.0,136.2,112.0,193.0,0.0,0.0,0.0,-2.0,0.0,0.0,45.0,483.0,4.0,27.0,0.0,124.2189983,229.7,2.0,0.0,0.0,4.7,0.0,0.3,39.2,490.2,3.4,24.3,0.0,0.2
0.0,1.0,0.0,0.0,10.0,86.93,161.0,290.0,0.0,0.0,0.0,0.0,0.0,0.0,31.0,434.0,1.0,19.0,0.0,0.0,0.0,0.0,162.39999,42.0,157.0,0.0,0.0,0.0,0.0,0.0,0.0,51.0,771.0,3.0,36.0,0.0,316.63,14.0,0.0,0.0,0.0,-3.0,0.0,0.0,99.0,1394.0,6.0,77.0,0.0,0.0
0.0,0.0,1.0,0.0,12.0,47.23,1888.0,373.0,0.0,0.0,0.0,180.0,2.0,9.0,4.0,26.0,0.0,1.0,15.0,0.0,0.0,0.0,95.7830009,415.3,280.4,1.5,0.0,0.0,168.9,1.2,9.9,23.1,202.7,1.9,10.2,0.1,116.513,242.5,0.0,0.0,0.0,273.9,1.4,13.2,28.1,247.1,1.6,12.1,0.2,0.5
1.0,0.0,0.0,0.0,12.0,190.47,321.0,125.0,0.0,0.0,0.0,0.0,0.0,0.0,55.0,802.0,6.0,34.0,0.0,0.0,0.0,0.0,171.53,158.0,140.0,0.0,0.0,0.0,0.0,0.0,0.0,45.0,623.0,7.0,29.0,0.0,153.694001,176.3,3.5,0.1,0.0,1.7,0.0,0.1,44.4,566.6,4.4,27.3,0.3,0.8
1.0,0.0,0.0,0.0,17.0,93.330002,216.0,279.0,0.0,0.0,0.0,0.0,0.0,0.0,30.0,245.0,4.0,15.0,0.0,0.0,0.0,0.0,79.800003,1780.0,304.0,0.0,0.0,0.0,0.0,0.0,0.0,28.0,282.0,2.0,17.0,0.0,109.73,241.0,0.0,0.0,0.0,0.0,0.0,0.0,36.0,311.0,4.0,21.0,0.0,0.0
0.0,1.0,0.0,0.0,16.0,313.0,15.0,29.0,0.0,0.0,0.0,10.0,0.0,1.0,74.0,1035.0,14.0,56.0,0.0,0.0,0.0,0.0,296.07001,34.0,31.0,0.0,0.0,0.0,0.0,0.0,0.0,70.0,1006.0,13.0,55.0,0.0,264.13,47.0,0.0,0.0,0.0,0.0,0.0,0.0,67.0,1157.0,8.0,54.0,1.0,0.0
0.0,0.0,1.0,0.0,14.0,319.47,18.0,27.0,0.0,0.0,0.0,812.0,8.0,45.0,69.0,454.0,2.0,30.0,0.0,0.0,0.0,0.0,142.23,69.0,185.0,0.0,0.0,0.0,367.0,6.0,21.0,36.0,233.0,0.0,9.0,0.0,314.0,15.0,0.0,0.0,0.0,1152.0,3.0,55.0,76.0,522.0,0.0,23.0,0.0,1.0
0.0,1.0,0.0,0.0,16.0,122.73,1882.0,235.0,0.0,0.0,0.0,0.0,0.0,0.0,38.0,476.0,4.0,23.0,0.0,0.0,0.0,1.0,114.96799960000001,1180.6,239.5,0.0,0.0,0.0,1.4,0.0,0.1,37.6,490.0,2.5,24.7,0.3,121.37000030000002,230.3,0.0,0.0,0.0,36.3,0.3,1.7,30.5,403.5,3.3,18.9,0.3,0.2
1.0,0.0,0.0,0.0,16.0,105.0,151.0,259.0,0.0,0.0,0.0,0.0,0.0,0.0,38.0,345.0,3.0,18.0,0.0,0.0,1.0,0.0,134.0,129.0,197.0,0.0,0.0,0.0,0.0,0.0,0.0,46.0,435.0,4.0,27.0,0.0,218.47,95.0,0.0,0.0,0.0,0.0,0.0,0.0,75.0,787.0,6.0,41.0,1.0,0.0
0.0,1.0,0.0,0.0,9.0,161.67,112.0,177.0,0.0,0.0,0.0,46.0,1.0,1.0,45.0,556.0,4.0,34.0,0.0,0.0,1.0,0.0,276.89999,39.0,39.0,0.0,0.0,0.0,155.0,2.0,9.0,90.0,936.0,6.0,46.0,1.0,256.10001,50.0,0.0,0.0,0.0,115.0,1.0,5.0,90.0,1134.0,2.0,54.0,0.0,0.0
0.0,0.0,0.0,1.0,17.0,301.35999,173.0,38.0,3734.0,21.0,14.0,270.0,7.0,33.0,0.0,0.0,0.0,0.0,0.0,0.0,1.0,4.0,352.35999,87.0,15.0,3819.0,33.0,7.0,266.0,7.0,22.0,1.0,0.0,0.0,0.0,1.0,230.17999,83.0,2742.0,22.0,6.0,185.0,4.0,14.0,0.0,0.0,0.0,0.0,1.0,3.0
0.0,0.0,1.0,0.0,8.0,109.5,188.0,255.0,0.0,0.0,0.0,350.0,2.0,15.0,19.0,87.0,0.0,7.0,177.0,0.0,0.0,1.0,172.64300229999998,545.1,159.0,0.0,0.0,0.0,486.2,3.7,26.3,28.7,216.8,2.0,10.8,0.3,90.830002,277.0,0.0,0.0,0.0,49.0,2.0,3.0,12.0,92.0,0.0,4.0,0.0,0.0
0.0,0.0,1.0,0.0,8.0,244.17,7.0,78.0,5.0,1.0,0.0,937.0,10.0,49.0,18.0,154.0,0.0,7.0,0.0,0.0,1.0,0.0,397.29999,3.0,6.0,0.0,0.0,0.0,2027.0,17.0,98.0,19.0,114.0,0.0,4.0,2.0,336.73001,11.0,0.0,0.0,0.0,1540.0,16.0,73.0,18.0,206.0,2.0,4.0,0.0,3.0
1.0,0.0,0.0,0.0,16.0,81.0,1885.0,300.0,0.0,0.0,0.0,0.0,0.0,0.0,31.0,210.0,3.0,12.0,0.0,0.0,0.0,0.0,85.7329991,889.1,296.7,0.0,0.0,0.0,0.4,0.0,0.1,27.8,320.0,2.5,17.1,0.4,106.29599999999998,257.3,0.0,0.0,0.0,17.7,0.0,1.0,31.1,400.6,3.1,18.3,0.2,0.2
0.0,1.0,0.0,0.0,17.0,236.39999,36.0,88.0,0.0,0.0,0.0,12.0,0.0,1.0,77.0,1053.0,5.0,47.0,0.0,0.0,0.0,0.0,247.53,24.0,54.0,0.0,0.0,0.0,30.0,0.0,2.0,87.0,1118.0,4.0,51.0,1.0,218.27,96.0,0.0,0.0,0.0,0.0,0.0,0.0,58.0,919.0,7.0,43.0,0.0,0.0
1.0,0.0,0.0,0.0,6.0,63.07,285.0,339.0,0.0,0.0,0.0,0.0,0.0,0.0,18.0,196.0,3.0,10.0,0.0,0.0,0.0,1.0,204.28999,94.0,95.0,28.0,0.0,0.0,5.0,0.0,2.0,72.0,670.0,6.0,36.0,0.0,45.529999,372.0,0.0,0.0,0.0,0.0,0.0,0.0,16.0,173.0,1.0,10.0,0.0,0.0
1.0,0.0,0.0,0.0,17.0,55.599998,1877.0,354.0,0.0,0.0,0.0,0.0,0.0,0.0,20.0,249.0,1.0,11.0,0.0,0.0,0.0,0.0,85.7329991,889.1,296.7,0.0,0.0,0.0,0.4,0.0,0.1,27.8,320.0,2.5,17.1,0.4,106.296,257.3,0.0,0.0,0.0,17.7,0.0,1.0,31.1,400.6,3.1,18.3,0.2,0.2
0.0,0.0,0.0,1.0,17.0,279.01999,189.0,48.0,3563.0,27.0,7.0,215.0,1.0,21.0,0.0,0.0,0.0,0.0,0.0,0.0,2.0,5.0,213.39999,137.0,86.0,2620.0,16.0,15.0,276.0,5.0,25.0,0.0,0.0,0.0,0.0,4.0,294.85999,27.0,4039.0,27.0,7.0,243.0,1.0,21.0,0.0,0.0,0.0,0.0,2.0,7.0
0.0,1.0,0.0,0.0,14.0,56.77,2050.0,351.0,0.0,0.0,0.0,7.0,0.0,0.0,15.0,211.0,2.0,11.0,0.0,0.0,0.0,0.0,90.300003,1797.0,284.0,0.0,0.0,0.0,5.0,0.0,0.0,32.0,477.0,1.0,18.0,0.0,100.5990007,263.4,2.0,0.0,0.0,57.1,0.5,2.5,28.9,349.8,2.4,17.2,0.2,0.2
0.0,0.0,1.0,0.0,16.0,302.29999,43.0,36.0,0.0,0.0,0.0,1037.0,7.0,65.0,42.0,294.0,3.0,12.0,0.0,0.0,1.0,4.0,220.97,13.0,75.0,0.0,0.0,0.0,795.0,11.0,40.0,36.0,247.0,0.0,9.0,2.0,260.13799800000004,66.2,0.0,0.0,0.0,978.0,7.1,48.6,37.4,306.0,1.8,13.0,0.1,1.6
0.0,0.0,0.0,1.0,16.0,242.92999,1851.0,84.0,3419.0,20.0,15.0,313.0,1.0,20.0,1.0,-2.0,0.0,0.0,0.0,0.0,1.0,2.0,261.06999759999997,160.3,82.1,3375.5,21.8,10.6,275.1,3.9,19.6,0.2,0.6,0.0,0.1,2.9,247.48999890000005,75.3,3593.0,22.5,10.9,179.7,2.1,13.2,0.0,0.0,0.0,0.0,1.4,3.4
0.0,0.0,1.0,0.0,11.0,147.67,144.0,199.0,0.0,0.0,0.0,212.0,2.0,14.0,43.0,397.0,2.0,15.0,0.0,0.0,0.0,0.0,230.77,135.0,70.0,0.0,0.0,0.0,365.0,1.0,25.0,80.0,589.0,2.0,32.0,1.0,94.730003,267.0,0.0,0.0,0.0,205.0,0.0,8.0,34.0,233.0,1.0,7.0,0.0,0.0
0.0,0.0,1.0,0.0,17.0,73.470001,2403.0,319.0,0.0,0.0,0.0,266.0,2.0,15.0,10.0,73.0,0.0,5.0,0.0,0.0,0.0,0.0,73.8710011,1520.0,320.1,0.0,0.0,0.0,120.6,1.0,7.0,16.7,187.5,1.3,8.1,0.0,114.63699940000001,239.5,2.0,0.0,0.0,283.1,2.3,13.7,24.8,216.7,1.2,11.0,0.0,0.4
